[2025-07-01 11:49:30,932] INFO django.utils.autoreload Watching for file changes with StatReloader
[2025-07-01 11:49:48,046] INFO django.server "POST /auth/login/ HTTP/1.1" 302 0
[2025-07-01 11:49:48,229] INFO django.server "GET /auth/admin_dashboard/ HTTP/1.1" 200 20860
[2025-07-01 11:50:31,545] INFO django.server "GET /auth/add_consultant/ HTTP/1.1" 200 19635
[2025-07-01 11:50:33,184] INFO django.server "GET /auth/admin_skills/ HTTP/1.1" 200 30684
[2025-07-01 11:50:33,362] INFO django.server "GET /auth/skills/ HTTP/1.1" 200 2
[2025-07-01 11:50:36,902] INFO django.server "GET /auth/consultant_list/ HTTP/1.1" 200 27348
[2025-07-01 11:50:41,071] INFO django.server "GET /auth/admin_invoices/ HTTP/1.1" 200 21870
[2025-07-01 11:52:37,298] WARNING django.request Not Found: /.well-known/appspecific/com.chrome.devtools.json
[2025-07-01 11:52:37,299] WARNING django.server "GET /.well-known/appspecific/com.chrome.devtools.json HTTP/1.1" 404 2969
[2025-07-01 11:53:04,580] INFO django.utils.autoreload C:\Users\Ayush\OneDrive - Crystal Hues Ltd\Desktop\consultaion_webapp\consultaion_webapp\middleware.py changed, reloading.
[2025-07-01 11:53:06,560] INFO django.utils.autoreload Watching for file changes with StatReloader
[2025-07-01 11:53:09,345] INFO django.server "GET /auth/consultant_list/ HTTP/1.1" 200 27348
[2025-07-01 11:53:09,399] WARNING django.request Not Found: /.well-known/appspecific/com.chrome.devtools.json
[2025-07-01 11:53:09,399] WARNING django.server "GET /.well-known/appspecific/com.chrome.devtools.json HTTP/1.1" 404 2969
[2025-07-01 11:53:09,427] WARNING django.request Not Found: /media/logo/logo.png
[2025-07-01 11:53:09,427] WARNING django.server "GET /media/logo/logo.png HTTP/1.1" 404 3140
[2025-07-01 11:53:09,488] INFO django.server "GET /static/custom_admin/css/branding.css HTTP/1.1" 200 99
[2025-07-01 11:53:09,614] INFO django.server "GET /static/custom_admin/js/branding.js HTTP/1.1" 200 104
[2025-07-01 11:53:10,799] WARNING django.request Not Found: /favicon.ico
[2025-07-01 11:53:10,800] WARNING django.server "GET /favicon.ico HTTP/1.1" 404 2858
[2025-07-01 11:53:27,627] INFO django.server "GET /auth/consultant_list/ HTTP/1.1" 200 27348
[2025-07-01 11:53:27,670] WARNING django.request Not Found: /media/logo/logo.png
[2025-07-01 11:53:27,671] WARNING django.server "GET /media/logo/logo.png HTTP/1.1" 404 3140
[2025-07-01 11:53:31,052] INFO django.utils.autoreload C:\Users\Ayush\OneDrive - Crystal Hues Ltd\Desktop\consultaion_webapp\consultaion_webapp\middleware.py changed, reloading.
[2025-07-01 11:53:33,066] INFO django.utils.autoreload Watching for file changes with StatReloader
[2025-07-01 11:53:35,970] INFO django.server "GET /auth/consultant_list/ HTTP/1.1" 200 27348
[2025-07-01 11:53:36,027] WARNING django.request Not Found: /media/logo/logo.png
[2025-07-01 11:53:36,027] WARNING django.server "GET /media/logo/logo.png HTTP/1.1" 404 3140
[2025-07-01 11:53:36,078] INFO django.server "GET /static/custom_admin/css/branding.css HTTP/1.1" 200 99
[2025-07-01 11:53:36,099] INFO django.server "GET /static/custom_admin/js/branding.js HTTP/1.1" 200 104
[2025-07-01 11:53:36,590] WARNING django.request Not Found: /favicon.ico
[2025-07-01 11:53:36,590] WARNING django.server "GET /favicon.ico HTTP/1.1" 404 2858
[2025-07-01 11:53:38,166] WARNING django.request Not Found: /.well-known/appspecific/com.chrome.devtools.json
[2025-07-01 11:53:38,167] WARNING django.server "GET /.well-known/appspecific/com.chrome.devtools.json HTTP/1.1" 404 2969
[2025-07-01 11:55:38,237] INFO django.server "GET /auth/consultant_list/ HTTP/1.1" 200 27348
[2025-07-01 11:55:38,298] WARNING django.request Not Found: /.well-known/appspecific/com.chrome.devtools.json
[2025-07-01 11:55:38,303] WARNING django.server "GET /.well-known/appspecific/com.chrome.devtools.json HTTP/1.1" 404 2969
[2025-07-01 11:55:38,308] WARNING django.request Not Found: /media/logo/logo.png
[2025-07-01 11:55:38,308] WARNING django.server "GET /media/logo/logo.png HTTP/1.1" 404 3140
[2025-07-01 11:55:39,534] INFO django.server "GET /auth/consultant_list/ HTTP/1.1" 200 27348
[2025-07-01 11:55:39,708] WARNING django.request Not Found: /.well-known/appspecific/com.chrome.devtools.json
[2025-07-01 11:55:39,709] WARNING django.server "GET /.well-known/appspecific/com.chrome.devtools.json HTTP/1.1" 404 2969
[2025-07-01 11:55:39,723] INFO django.server "GET /static/custom_admin/css/branding.css HTTP/1.1" 200 99
[2025-07-01 11:55:39,727] WARNING django.request Not Found: /media/logo/logo.png
[2025-07-01 11:55:39,727] WARNING django.server "GET /media/logo/logo.png HTTP/1.1" 404 3140
[2025-07-01 11:55:39,830] INFO django.server "GET /static/custom_admin/js/branding.js HTTP/1.1" 200 104
[2025-07-01 11:55:40,557] WARNING django.request Not Found: /favicon.ico
[2025-07-01 11:55:40,557] WARNING django.server "GET /favicon.ico HTTP/1.1" 404 2858
[2025-07-01 11:56:51,418] INFO django.utils.autoreload C:\Users\Ayush\OneDrive - Crystal Hues Ltd\Desktop\consultaion_webapp\consultaion_webapp\urls.py changed, reloading.
[2025-07-01 11:56:53,234] INFO django.utils.autoreload Watching for file changes with StatReloader
[2025-07-01 11:56:58,384] INFO django.server "GET /auth/consultant_list/ HTTP/1.1" 200 27348
[2025-07-01 11:56:58,433] WARNING django.request Not Found: /.well-known/appspecific/com.chrome.devtools.json
[2025-07-01 11:56:58,434] WARNING django.server "GET /.well-known/appspecific/com.chrome.devtools.json HTTP/1.1" 404 2969
[2025-07-01 11:56:58,465] WARNING django.request Not Found: /media/logo/logo.png
[2025-07-01 11:56:58,466] WARNING django.server "GET /media/logo/logo.png HTTP/1.1" 404 3140
[2025-07-01 11:56:58,516] INFO django.server "GET /static/custom_admin/css/branding.css HTTP/1.1" 200 99
[2025-07-01 11:56:58,594] INFO django.server "GET /static/custom_admin/js/branding.js HTTP/1.1" 200 104
[2025-07-01 11:56:59,666] WARNING django.request Not Found: /favicon.ico
[2025-07-01 11:56:59,667] WARNING django.server "GET /favicon.ico HTTP/1.1" 404 2858
[2025-07-01 11:57:03,865] INFO django.utils.autoreload C:\Users\Ayush\OneDrive - Crystal Hues Ltd\Desktop\consultaion_webapp\consultaion_webapp\urls.py changed, reloading.
[2025-07-01 11:57:06,720] INFO django.utils.autoreload Watching for file changes with StatReloader
[2025-07-01 11:57:12,916] INFO django.utils.autoreload C:\Users\Ayush\OneDrive - Crystal Hues Ltd\Desktop\consultaion_webapp\consultaion_webapp\urls.py changed, reloading.
[2025-07-01 11:57:14,659] INFO django.utils.autoreload Watching for file changes with StatReloader
[2025-07-01 11:57:59,306] INFO django.server "GET /auth/consultant_list/ HTTP/1.1" 200 27348
[2025-07-01 11:57:59,416] WARNING django.request Not Found: /.well-known/appspecific/com.chrome.devtools.json
[2025-07-01 11:57:59,421] WARNING django.server "GET /.well-known/appspecific/com.chrome.devtools.json HTTP/1.1" 404 2969
[2025-07-01 11:57:59,424] WARNING django.request Not Found: /media/logo/logo.png
[2025-07-01 11:57:59,425] WARNING django.server "GET /media/logo/logo.png HTTP/1.1" 404 3140
[2025-07-01 11:57:59,978] INFO django.server "GET /auth/consultant_list/ HTTP/1.1" 200 27348
[2025-07-01 11:58:00,254] WARNING django.request Not Found: /.well-known/appspecific/com.chrome.devtools.json
[2025-07-01 11:58:00,255] WARNING django.server "GET /.well-known/appspecific/com.chrome.devtools.json HTTP/1.1" 404 2969
[2025-07-01 11:58:00,315] WARNING django.request Not Found: /media/logo/logo.png
[2025-07-01 11:58:00,318] WARNING django.server "GET /media/logo/logo.png HTTP/1.1" 404 3140
[2025-07-01 11:58:00,364] INFO django.server "GET /static/custom_admin/css/branding.css HTTP/1.1" 200 99
[2025-07-01 11:58:00,412] INFO django.server "GET /static/custom_admin/js/branding.js HTTP/1.1" 200 104
[2025-07-01 11:58:01,454] WARNING django.request Not Found: /favicon.ico
[2025-07-01 11:58:01,455] WARNING django.server "GET /favicon.ico HTTP/1.1" 404 2858
[2025-07-01 11:59:24,019] INFO django.utils.autoreload C:\Users\Ayush\OneDrive - Crystal Hues Ltd\Desktop\consultaion_webapp\consultaion_webapp\urls.py changed, reloading.
[2025-07-01 11:59:25,981] INFO django.utils.autoreload Watching for file changes with StatReloader
[2025-07-01 11:59:31,080] INFO django.server "GET /auth/consultant_list/ HTTP/1.1" 200 27348
[2025-07-01 11:59:31,141] WARNING django.request Not Found: /.well-known/appspecific/com.chrome.devtools.json
[2025-07-01 11:59:31,141] WARNING django.server "GET /.well-known/appspecific/com.chrome.devtools.json HTTP/1.1" 404 2969
[2025-07-01 11:59:31,179] WARNING django.request Not Found: /media/logo/logo.png
[2025-07-01 11:59:31,179] WARNING django.server "GET /media/logo/logo.png HTTP/1.1" 404 3140
[2025-07-01 11:59:31,234] INFO django.server "GET /static/custom_admin/css/branding.css HTTP/1.1" 200 99
[2025-07-01 11:59:31,314] INFO django.server "GET /static/custom_admin/js/branding.js HTTP/1.1" 200 104
[2025-07-01 11:59:32,277] WARNING django.request Not Found: /favicon.ico
[2025-07-01 11:59:32,278] WARNING django.server "GET /favicon.ico HTTP/1.1" 404 2858
[2025-07-01 12:01:37,406] INFO django.utils.autoreload C:\Users\Ayush\OneDrive - Crystal Hues Ltd\Desktop\consultaion_webapp\consultaion_webapp\views.py changed, reloading.
[2025-07-01 12:01:39,204] INFO django.utils.autoreload Watching for file changes with StatReloader
[2025-07-01 12:01:57,343] INFO django.utils.autoreload C:\Users\Ayush\OneDrive - Crystal Hues Ltd\Desktop\consultaion_webapp\consultaion_webapp\urls.py changed, reloading.
[2025-07-01 12:01:59,927] INFO django.utils.autoreload Watching for file changes with StatReloader
[2025-07-01 12:02:04,370] INFO django.utils.autoreload C:\Users\Ayush\OneDrive - Crystal Hues Ltd\Desktop\consultaion_webapp\consultaion_webapp\urls.py changed, reloading.
[2025-07-01 12:02:06,294] INFO django.utils.autoreload Watching for file changes with StatReloader
[2025-07-01 12:02:17,280] INFO django.utils.autoreload C:\Users\Ayush\OneDrive - Crystal Hues Ltd\Desktop\consultaion_webapp\consultaion_webapp\urls.py changed, reloading.
[2025-07-01 12:02:19,989] INFO django.utils.autoreload Watching for file changes with StatReloader
[2025-07-01 12:02:22,446] INFO django.utils.autoreload C:\Users\Ayush\OneDrive - Crystal Hues Ltd\Desktop\consultaion_webapp\consultaion_webapp\urls.py changed, reloading.
[2025-07-01 12:02:24,313] INFO django.utils.autoreload Watching for file changes with StatReloader
[2025-07-01 12:02:31,098] INFO django.utils.autoreload C:\Users\Ayush\OneDrive - Crystal Hues Ltd\Desktop\consultaion_webapp\consultaion_webapp\urls.py changed, reloading.
[2025-07-01 12:02:33,054] INFO django.utils.autoreload Watching for file changes with StatReloader
[2025-07-01 12:02:35,724] INFO django.utils.autoreload C:\Users\Ayush\OneDrive - Crystal Hues Ltd\Desktop\consultaion_webapp\consultaion_webapp\urls.py changed, reloading.
[2025-07-01 12:02:37,866] INFO django.utils.autoreload Watching for file changes with StatReloader
[2025-07-01 12:03:35,484] INFO django.utils.autoreload C:\Users\Ayush\OneDrive - Crystal Hues Ltd\Desktop\consultaion_webapp\consultaion_webapp\urls.py changed, reloading.
[2025-07-01 12:03:36,995] INFO django.utils.autoreload Watching for file changes with StatReloader
[2025-07-01 12:03:49,187] INFO django.utils.autoreload Watching for file changes with StatReloader
[2025-07-01 12:04:04,025] INFO django.utils.autoreload C:\Users\Ayush\OneDrive - Crystal Hues Ltd\Desktop\consultaion_webapp\consultaion_webapp\urls.py changed, reloading.
[2025-07-01 12:04:05,604] INFO django.utils.autoreload Watching for file changes with StatReloader
[2025-07-01 12:04:20,094] INFO django.utils.autoreload Watching for file changes with StatReloader
[2025-07-01 12:04:27,880] INFO django.utils.autoreload C:\Users\Ayush\OneDrive - Crystal Hues Ltd\Desktop\consultaion_webapp\consultaion_webapp\urls.py changed, reloading.
[2025-07-01 12:04:29,901] INFO django.utils.autoreload Watching for file changes with StatReloader
[2025-07-01 12:04:36,609] INFO django.utils.autoreload C:\Users\Ayush\OneDrive - Crystal Hues Ltd\Desktop\consultaion_webapp\consultaion_webapp\urls.py changed, reloading.
[2025-07-01 12:04:38,962] INFO django.utils.autoreload Watching for file changes with StatReloader
[2025-07-01 12:04:47,106] INFO django.server "GET /auth/consultant_list/ HTTP/1.1" 200 27348
[2025-07-01 12:04:47,158] WARNING django.request Not Found: /media/logo/logo.png
[2025-07-01 12:04:47,159] WARNING django.server "GET /media/logo/logo.png HTTP/1.1" 404 3019
[2025-07-01 12:04:47,252] WARNING django.request Not Found: /.well-known/appspecific/com.chrome.devtools.json
[2025-07-01 12:04:47,252] WARNING django.server "GET /.well-known/appspecific/com.chrome.devtools.json HTTP/1.1" 404 2848
[2025-07-01 12:04:48,380] INFO django.server "GET /auth/consultant_list/ HTTP/1.1" 200 27348
[2025-07-01 12:04:48,421] WARNING django.request Not Found: /.well-known/appspecific/com.chrome.devtools.json
[2025-07-01 12:04:48,421] WARNING django.server "GET /.well-known/appspecific/com.chrome.devtools.json HTTP/1.1" 404 2848
[2025-07-01 12:04:48,475] WARNING django.request Not Found: /media/logo/logo.png
[2025-07-01 12:04:48,476] WARNING django.server "GET /media/logo/logo.png HTTP/1.1" 404 3019
[2025-07-01 12:04:48,528] INFO django.server "GET /static/custom_admin/css/branding.css HTTP/1.1" 200 99
[2025-07-01 12:04:48,620] INFO django.server "GET /static/custom_admin/js/branding.js HTTP/1.1" 200 104
[2025-07-01 12:04:49,718] WARNING django.request Not Found: /favicon.ico
[2025-07-01 12:04:49,719] WARNING django.server "GET /favicon.ico HTTP/1.1" 404 2737
[2025-07-01 12:04:54,600] INFO django.server "GET /auth/logout/ HTTP/1.1" 302 0
[2025-07-01 12:04:54,616] INFO django.server "GET /auth/login/ HTTP/1.1" 200 38185
[2025-07-01 12:04:54,682] WARNING django.request Not Found: /media/logo/logo.png
[2025-07-01 12:04:54,684] WARNING django.server "GET /media/logo/logo.png HTTP/1.1" 404 3019
[2025-07-01 12:04:56,022] INFO django.server "GET /auth/login/ HTTP/1.1" 200 38185
[2025-07-01 12:04:56,071] WARNING django.request Not Found: /media/logo/logo.png
[2025-07-01 12:04:56,071] WARNING django.server "GET /media/logo/logo.png HTTP/1.1" 404 3019
[2025-07-01 12:04:56,598] WARNING django.request Not Found: /favicon.ico
[2025-07-01 12:04:56,599] WARNING django.server "GET /favicon.ico HTTP/1.1" 404 2737
[2025-07-01 12:05:00,825] WARNING django.request Not Found: /
[2025-07-01 12:05:00,827] WARNING django.server "GET / HTTP/1.1" 404 2686
[2025-07-01 12:05:49,253] INFO django.utils.autoreload C:\Users\Ayush\OneDrive - Crystal Hues Ltd\Desktop\consultaion_webapp\consultaion_webapp\urls.py changed, reloading.
[2025-07-01 12:05:52,781] INFO django.utils.autoreload Watching for file changes with StatReloader
[2025-07-01 12:06:19,456] INFO django.utils.autoreload Watching for file changes with StatReloader
[2025-07-01 12:06:31,224] INFO django.utils.autoreload C:\Users\Ayush\OneDrive - Crystal Hues Ltd\Desktop\consultaion_webapp\consultaion_webapp\urls.py changed, reloading.
[2025-07-01 12:06:32,763] INFO django.utils.autoreload Watching for file changes with StatReloader
[2025-07-01 12:06:47,733] INFO django.utils.autoreload C:\Users\Ayush\OneDrive - Crystal Hues Ltd\Desktop\consultaion_webapp\consultaion_webapp\urls.py changed, reloading.
[2025-07-01 12:06:49,974] INFO django.utils.autoreload Watching for file changes with StatReloader
[2025-07-01 12:07:03,942] INFO django.utils.autoreload C:\Users\Ayush\OneDrive - Crystal Hues Ltd\Desktop\consultaion_webapp\consultaion_webapp\views.py changed, reloading.
[2025-07-01 12:07:05,874] INFO django.utils.autoreload Watching for file changes with StatReloader
[2025-07-01 12:07:12,141] INFO django.server "GET / HTTP/1.1" 200 27
[2025-07-01 12:07:13,349] INFO django.server "GET / HTTP/1.1" 200 27
[2025-07-01 12:07:13,494] WARNING django.request Not Found: /favicon.ico
[2025-07-01 12:07:13,496] WARNING django.server "GET /favicon.ico HTTP/1.1" 404 2858
[2025-07-01 12:07:54,729] INFO django.utils.autoreload C:\Users\Ayush\OneDrive - Crystal Hues Ltd\Desktop\consultaion_webapp\consultaion_webapp\views.py changed, reloading.
[2025-07-01 12:07:56,575] INFO django.utils.autoreload Watching for file changes with StatReloader
[2025-07-01 12:08:08,863] INFO django.server "GET / HTTP/1.1" 200 38185
[2025-07-01 12:08:08,916] WARNING django.request Not Found: /media/logo/logo.png
[2025-07-01 12:08:08,916] WARNING django.server "GET /media/logo/logo.png HTTP/1.1" 404 3140
[2025-07-01 12:11:04,559] INFO django.server "GET / HTTP/1.1" 200 38094
[2025-07-01 12:11:04,612] WARNING django.request Not Found: /logo/logo.png
[2025-07-01 12:11:04,613] WARNING django.server "GET /logo/logo.png HTTP/1.1" 404 2864
[2025-07-01 12:11:04,793] WARNING django.request Not Found: /ibm_logo.png
[2025-07-01 12:11:04,793] WARNING django.server "GET /ibm_logo.png HTTP/1.1" 404 2861
[2025-07-01 12:11:04,803] WARNING django.request Not Found: /google_logo.png
[2025-07-01 12:11:04,803] WARNING django.server "GET /google_logo.png HTTP/1.1" 404 2870
[2025-07-01 12:11:04,810] WARNING django.request Not Found: /microsoft_logo.png
[2025-07-01 12:11:04,811] WARNING django.server "GET /microsoft_logo.png HTTP/1.1" 404 2879
[2025-07-01 12:11:04,819] WARNING django.request Not Found: /amazon_logo.png
[2025-07-01 12:11:04,819] WARNING django.server "GET /amazon_logo.png HTTP/1.1" 404 2870
[2025-07-01 12:11:04,827] WARNING django.request Not Found: /sap_logo.png
[2025-07-01 12:11:04,827] WARNING django.server "GET /sap_logo.png HTTP/1.1" 404 2861
[2025-07-01 12:11:05,487] WARNING django.request Not Found: /favicon.ico
[2025-07-01 12:11:05,488] WARNING django.server "GET /favicon.ico HTTP/1.1" 404 2858
[2025-07-01 12:20:59,258] INFO django.utils.autoreload C:\Users\Ayush\OneDrive - Crystal Hues Ltd\Desktop\consultaion_webapp\consultaion_webapp\views.py changed, reloading.
[2025-07-01 12:21:07,679] INFO django.utils.autoreload Watching for file changes with StatReloader
[2025-07-01 12:21:21,518] INFO django.server "GET / HTTP/1.1" 200 38185
[2025-07-01 12:21:21,622] WARNING django.request Not Found: /media/logo/logo.png
[2025-07-01 12:21:21,624] WARNING django.server "GET /media/logo/logo.png HTTP/1.1" 404 3140
[2025-07-01 12:21:23,854] WARNING django.request Not Found: /favicon.ico
[2025-07-01 12:21:23,856] WARNING django.server "GET /favicon.ico HTTP/1.1" 404 2858
[2025-07-01 12:21:25,436] INFO django.server "GET / HTTP/1.1" 200 38185
[2025-07-01 12:21:25,526] WARNING django.request Not Found: /media/logo/logo.png
[2025-07-01 12:21:25,527] WARNING django.server "GET /media/logo/logo.png HTTP/1.1" 404 3140
[2025-07-01 12:21:26,458] WARNING django.request Not Found: /favicon.ico
[2025-07-01 12:21:26,459] WARNING django.server "GET /favicon.ico HTTP/1.1" 404 2858
[2025-07-01 12:22:43,623] INFO django.server "GET / HTTP/1.1" 200 38186
[2025-07-01 12:22:43,681] WARNING django.request Not Found: /media/logo/logo.png
[2025-07-01 12:22:43,682] WARNING django.server "GET /media/logo/logo.png HTTP/1.1" 404 3140
[2025-07-01 12:22:44,607] WARNING django.request Not Found: /favicon.ico
[2025-07-01 12:22:44,607] WARNING django.server "GET /favicon.ico HTTP/1.1" 404 2858
[2025-07-01 12:25:10,827] INFO django.server "GET / HTTP/1.1" 200 38186
[2025-07-01 12:25:10,870] WARNING django.request Not Found: /media/logo/logo.png
[2025-07-01 12:25:10,871] WARNING django.server "GET /media/logo/logo.png HTTP/1.1" 404 3140
[2025-07-01 12:25:11,615] WARNING django.request Not Found: /favicon.ico
[2025-07-01 12:25:11,616] WARNING django.server "GET /favicon.ico HTTP/1.1" 404 2858
[2025-07-01 12:25:35,625] INFO django.server "GET / HTTP/1.1" 200 38186
[2025-07-01 12:25:36,884] WARNING django.request Not Found: /favicon.ico
[2025-07-01 12:25:36,885] WARNING django.server "GET /favicon.ico HTTP/1.1" 404 2858
[2025-07-01 12:25:41,725] INFO django.server "POST /auth/login/ HTTP/1.1" 302 0
[2025-07-01 12:25:41,878] INFO django.server "GET /auth/admin_dashboard/ HTTP/1.1" 200 20860
[2025-07-01 12:25:41,940] INFO django.server "GET /static/custom_admin/css/branding.css HTTP/1.1" 304 0
[2025-07-01 12:25:41,966] INFO django.server "GET /static/custom_admin/js/branding.js HTTP/1.1" 304 0
[2025-07-01 12:25:44,506] INFO django.server "GET /auth/add_consultant/ HTTP/1.1" 200 19635
[2025-07-01 12:26:03,413] INFO django.server "POST /auth/add_consultant/ HTTP/1.1" 200 77
[2025-07-01 12:26:21,134] INFO django.server "GET /auth/consultant_list/ HTTP/1.1" 200 30280
[2025-07-01 12:26:21,195] WARNING django.server "GET /static/default_profile.png HTTP/1.1" 404 1816
[2025-07-01 12:26:24,265] INFO django.server "GET /auth/consultant_profile/2/ HTTP/1.1" 200 28254
[2025-07-01 12:28:42,075] INFO django.utils.autoreload C:\Users\Ayush\OneDrive - Crystal Hues Ltd\Desktop\consultaion_webapp\consultaion_webapp\settings\development.py changed, reloading.
[2025-07-01 12:28:43,901] INFO django.utils.autoreload Watching for file changes with StatReloader
[2025-07-01 12:29:03,968] INFO django.utils.autoreload C:\Users\Ayush\OneDrive - Crystal Hues Ltd\Desktop\consultaion_webapp\consultaion_webapp\settings\development.py changed, reloading.
[2025-07-01 12:29:07,113] INFO django.utils.autoreload Watching for file changes with StatReloader
[2025-07-01 12:29:17,934] INFO django.utils.autoreload C:\Users\Ayush\OneDrive - Crystal Hues Ltd\Desktop\consultaion_webapp\consultaion_webapp\settings\development.py changed, reloading.
[2025-07-01 12:30:39,320] INFO django.utils.autoreload Watching for file changes with StatReloader
[2025-07-01 12:30:47,321] INFO django.server "GET /auth/consultant_list/ HTTP/1.1" 200 30280
[2025-07-01 12:30:47,387] WARNING django.server "GET /static/default_profile.png HTTP/1.1" 404 1816
[2025-07-01 12:30:51,675] INFO django.server "POST /auth/delete_consultant/2/ HTTP/1.1" 302 0
[2025-07-01 12:30:51,799] INFO django.server "GET /auth/consultant_management/ HTTP/1.1" 200 27358
[2025-07-01 12:30:58,118] INFO django.server "GET /auth/add_consultant/ HTTP/1.1" 200 19635
[2025-07-01 12:31:12,756] INFO django.server "POST /auth/add_consultant/ HTTP/1.1" 200 77
[2025-07-01 12:31:18,163] INFO django.server "GET /auth/consultant_list/ HTTP/1.1" 200 30280
[2025-07-01 12:31:18,217] WARNING django.server "GET /static/default_profile.png HTTP/1.1" 404 1816
[2025-07-01 12:31:25,126] INFO django.server "GET / HTTP/1.1" 200 38186
[2025-07-01 12:31:25,232] WARNING django.request Not Found: /media/logo/logo.png
[2025-07-01 12:31:25,233] WARNING django.server "GET /media/logo/logo.png HTTP/1.1" 404 3140
[2025-07-01 12:31:40,741] INFO django.server "POST /auth/login/ HTTP/1.1" 302 0
[2025-07-01 12:31:40,935] INFO django.server "GET /consultant/consultant_dashboard/ HTTP/1.1" 200 17344
[2025-07-01 12:31:40,997] WARNING django.request Not Found: /media/logo/logo.png
[2025-07-01 12:31:40,998] WARNING django.server "GET /media/logo/logo.png HTTP/1.1" 404 3140
[2025-07-01 12:31:43,703] INFO django.server "GET /consultant/consultant_profile/3/ HTTP/1.1" 200 32576
[2025-07-01 12:31:43,765] WARNING django.request Not Found: /media/logo/logo.png
[2025-07-01 12:31:43,767] WARNING django.server "GET /media/logo/logo.png HTTP/1.1" 404 3140
[2025-07-01 12:32:03,553] INFO django.server "GET /media/agreements/openart-image_WM8SVq19_1749100402842_raw_jS2Xhhl.pdf HTTP/1.1" 200 125573
[2025-07-01 12:32:09,594] INFO django.server "POST /consultant/consultant_profile/3/ HTTP/1.1" 302 0
[2025-07-01 12:32:09,753] INFO django.server "GET /consultant/consultant_profile/3/ HTTP/1.1" 200 32636
[2025-07-01 12:32:09,800] WARNING django.request Not Found: /media/logo/logo.png
[2025-07-01 12:32:09,801] WARNING django.server "GET /media/logo/logo.png HTTP/1.1" 404 3140
[2025-07-01 12:32:11,982] INFO django.server "GET /consultant/consultant_profile/3/ HTTP/1.1" 200 32636
[2025-07-01 12:32:12,022] WARNING django.request Not Found: /media/logo/logo.png
[2025-07-01 12:32:12,023] WARNING django.server "GET /media/logo/logo.png HTTP/1.1" 404 3140
[2025-07-01 12:32:15,494] INFO django.server "GET /auth/consultant_list/ HTTP/1.1" 200 30257
[2025-07-01 12:32:15,544] WARNING django.server "GET /static/default_profile.png HTTP/1.1" 404 1816
[2025-07-01 12:32:17,956] INFO django.server "GET /auth/consultant_profile/3/ HTTP/1.1" 200 28324
[2025-07-01 12:32:24,996] INFO django.server "GET /consultant/consultant_timesheet/ HTTP/1.1" 200 38356
[2025-07-01 12:32:25,051] WARNING django.request Not Found: /media/logo/logo.png
[2025-07-01 12:32:25,051] WARNING django.server "GET /media/logo/logo.png HTTP/1.1" 404 3140
[2025-07-01 12:32:34,568] INFO django.server "POST /consultant/upload_timesheet/3/ HTTP/1.1" 200 103
[2025-07-01 12:32:34,753] INFO django.server "GET /consultant/consultant_timesheet/?year=2025&month=07&mode=upload HTTP/1.1" 200 43500
[2025-07-01 12:32:34,796] WARNING django.request Not Found: /media/logo/logo.png
[2025-07-01 12:32:34,797] WARNING django.server "GET /media/logo/logo.png HTTP/1.1" 404 3140
[2025-07-01 12:32:37,751] INFO django.server "GET /auth/consultant_profile/3/ HTTP/1.1" 200 37996
[2025-07-01 12:32:41,874] INFO django.server "GET /consultant/consultant_invoice/ HTTP/1.1" 200 23346
[2025-07-01 12:32:41,924] WARNING django.request Not Found: /media/logo/logo.png
[2025-07-01 12:32:41,924] WARNING django.server "GET /media/logo/logo.png HTTP/1.1" 404 3140
[2025-07-01 12:32:59,116] WARNING django.request Not Found: /.well-known/appspecific/com.chrome.devtools.json
[2025-07-01 12:32:59,117] WARNING django.server "GET /.well-known/appspecific/com.chrome.devtools.json HTTP/1.1" 404 2969
[2025-07-01 12:33:34,248] INFO django.server "POST /consultant/consultant_invoice/ HTTP/1.1" 200 25535
[2025-07-01 12:33:34,296] WARNING django.request Not Found: /media/logo/logo.png
[2025-07-01 12:33:34,297] WARNING django.server "GET /media/logo/logo.png HTTP/1.1" 404 3140
[2025-07-01 12:33:41,077] INFO django.server "GET /auth/consultant_profile/3/ HTTP/1.1" 200 37996
[2025-07-01 12:33:45,434] INFO django.server "GET /auth/admin_invoices/ HTTP/1.1" 200 24247
[2025-07-01 12:33:47,747] INFO django.server "GET /auth/consultant_list/ HTTP/1.1" 200 30257
[2025-07-01 12:33:47,805] WARNING django.server "GET /static/default_profile.png HTTP/1.1" 404 1816
[2025-07-01 12:33:49,096] INFO django.server "GET /auth/admin_skills/ HTTP/1.1" 200 30684
[2025-07-01 12:33:49,547] INFO django.server "GET /auth/skills/ HTTP/1.1" 200 2
[2025-07-01 12:33:51,109] INFO django.server "GET /auth/consultant_list/ HTTP/1.1" 200 30257
[2025-07-01 12:33:51,177] WARNING django.server "GET /static/default_profile.png HTTP/1.1" 404 1816
[2025-07-01 12:33:55,933] INFO django.server "GET /consultant/consultant_profile/3/ HTTP/1.1" 200 32636
[2025-07-01 12:33:55,984] WARNING django.request Not Found: /media/logo/logo.png
[2025-07-01 12:33:55,985] WARNING django.server "GET /media/logo/logo.png HTTP/1.1" 404 3140
[2025-07-01 12:34:02,423] INFO django.server "GET /auth/admin_dashboard/ HTTP/1.1" 200 20860
[2025-07-01 12:34:54,491] INFO django.server "GET /consultant/consultant_profile/3/ HTTP/1.1" 200 32629
[2025-07-01 12:34:54,536] INFO django.server "GET /static/custom_admin/css/branding.css HTTP/1.1" 200 99
[2025-07-01 12:34:54,538] WARNING django.request Not Found: /consultant/consultant_profile/3/logo/logo.png
[2025-07-01 12:34:54,539] WARNING django.server "GET /consultant/consultant_profile/3/logo/logo.png HTTP/1.1" 404 5172
[2025-07-01 12:34:54,577] INFO django.server "GET /static/custom_admin/js/branding.js HTTP/1.1" 200 104
[2025-07-01 12:34:55,334] WARNING django.request Not Found: /favicon.ico
[2025-07-01 12:34:55,335] WARNING django.server "GET /favicon.ico HTTP/1.1" 404 2858
[2025-07-01 12:35:08,555] INFO django.server "GET / HTTP/1.1" 200 38186
[2025-07-01 12:35:08,834] WARNING django.request Not Found: /media/logo/logo.png
[2025-07-01 12:35:08,835] WARNING django.server "GET /media/logo/logo.png HTTP/1.1" 404 3140
[2025-07-01 12:35:09,576] WARNING django.request Not Found: /favicon.ico
[2025-07-01 12:35:09,577] WARNING django.server "GET /favicon.ico HTTP/1.1" 404 2858
[2025-07-01 12:35:28,249] INFO django.server "POST /auth/login/ HTTP/1.1" 302 0
[2025-07-01 12:35:28,463] INFO django.server "GET /consultant/consultant_dashboard/ HTTP/1.1" 200 17237
[2025-07-01 12:35:28,536] WARNING django.request Not Found: /consultant/consultant_dashboard/logo/logo.png
[2025-07-01 12:35:28,538] WARNING django.server "GET /consultant/consultant_dashboard/logo/logo.png HTTP/1.1" 404 5172
[2025-07-01 12:35:33,965] WARNING django.request Not Found: /.well-known/appspecific/com.chrome.devtools.json
[2025-07-01 12:35:33,968] WARNING django.server "GET /.well-known/appspecific/com.chrome.devtools.json HTTP/1.1" 404 2969
[2025-07-01 12:38:13,700] INFO django.server "GET /consultant/consultant_dashboard/ HTTP/1.1" 200 17237
[2025-07-01 12:38:13,748] INFO django.server "GET /static/custom_admin/css/branding.css HTTP/1.1" 200 99
[2025-07-01 12:38:13,750] WARNING django.request Not Found: /consultant/consultant_dashboard/logo/logo.png
[2025-07-01 12:38:13,754] WARNING django.server "GET /consultant/consultant_dashboard/logo/logo.png HTTP/1.1" 404 5172
[2025-07-01 12:38:13,763] WARNING django.request Not Found: /.well-known/appspecific/com.chrome.devtools.json
[2025-07-01 12:38:13,764] WARNING django.server "GET /.well-known/appspecific/com.chrome.devtools.json HTTP/1.1" 404 2969
[2025-07-01 12:38:13,772] INFO django.server "GET /static/custom_admin/js/branding.js HTTP/1.1" 200 104
[2025-07-01 12:38:14,916] WARNING django.request Not Found: /favicon.ico
[2025-07-01 12:38:14,917] WARNING django.server "GET /favicon.ico HTTP/1.1" 404 2858
[2025-07-01 12:38:21,765] INFO django.utils.autoreload C:\Users\Ayush\OneDrive - Crystal Hues Ltd\Desktop\consultaion_webapp\consultaion_webapp\settings\base.py changed, reloading.
[2025-07-01 12:38:23,851] INFO django.utils.autoreload Watching for file changes with StatReloader
[2025-07-01 12:38:26,763] INFO django.server "GET /consultant/consultant_dashboard/ HTTP/1.1" 200 17244
[2025-07-01 12:38:26,809] WARNING django.request Not Found: /.well-known/appspecific/com.chrome.devtools.json
[2025-07-01 12:38:26,811] WARNING django.server "GET /.well-known/appspecific/com.chrome.devtools.json HTTP/1.1" 404 2969
[2025-07-01 12:38:26,831] WARNING django.request Not Found: /media/logo/logo.png
[2025-07-01 12:38:26,832] WARNING django.server "GET /media/logo/logo.png HTTP/1.1" 404 3140
[2025-07-01 12:38:26,897] INFO django.server "GET /static/custom_admin/css/branding.css HTTP/1.1" 200 99
[2025-07-01 12:38:26,905] INFO django.server "GET /static/custom_admin/js/branding.js HTTP/1.1" 200 104
[2025-07-01 12:38:27,742] WARNING django.request Not Found: /favicon.ico
[2025-07-01 12:38:27,744] WARNING django.server "GET /favicon.ico HTTP/1.1" 404 2858
[2025-07-01 12:38:47,522] INFO django.server "GET /consultant/consultant_dashboard/ HTTP/1.1" 200 17244
[2025-07-01 12:38:47,559] WARNING django.request Not Found: /.well-known/appspecific/com.chrome.devtools.json
[2025-07-01 12:38:47,560] WARNING django.server "GET /.well-known/appspecific/com.chrome.devtools.json HTTP/1.1" 404 2969
[2025-07-01 12:38:47,580] INFO django.server "GET /static/custom_admin/css/branding.css HTTP/1.1" 200 99
[2025-07-01 12:38:47,582] WARNING django.request Not Found: /media/logo/logo.png
[2025-07-01 12:38:47,583] WARNING django.server "GET /media/logo/logo.png HTTP/1.1" 404 3140
[2025-07-01 12:38:47,633] INFO django.server "GET /static/custom_admin/js/branding.js HTTP/1.1" 200 104
[2025-07-01 12:38:48,441] WARNING django.request Not Found: /favicon.ico
[2025-07-01 12:38:48,442] WARNING django.server "GET /favicon.ico HTTP/1.1" 404 2858
[2025-07-01 12:40:12,832] INFO django.server "GET /auth/admin_dashboard/ HTTP/1.1" 200 20860
[2025-07-01 12:40:12,893] INFO django.server "GET /static/custom_admin/css/branding.css HTTP/1.1" 200 99
[2025-07-01 12:40:12,898] WARNING django.request Not Found: /media/logo/logo.png
[2025-07-01 12:40:12,899] WARNING django.server "GET /media/logo/logo.png HTTP/1.1" 404 3140
[2025-07-01 12:40:13,034] INFO django.server "GET /static/custom_admin/js/branding.js HTTP/1.1" 200 104
[2025-07-01 12:40:13,894] WARNING django.request Not Found: /favicon.ico
[2025-07-01 12:40:13,895] WARNING django.server "GET /favicon.ico HTTP/1.1" 404 2858
[2025-07-01 12:40:15,263] WARNING django.request Not Found: /.well-known/appspecific/com.chrome.devtools.json
[2025-07-01 12:40:15,265] WARNING django.server "GET /.well-known/appspecific/com.chrome.devtools.json HTTP/1.1" 404 2969
[2025-07-01 12:40:37,201] INFO django.server "GET /consultant/consultant_dashboard/ HTTP/1.1" 200 17244
[2025-07-01 12:40:37,302] WARNING django.request Not Found: /.well-known/appspecific/com.chrome.devtools.json
[2025-07-01 12:40:37,308] WARNING django.server "GET /.well-known/appspecific/com.chrome.devtools.json HTTP/1.1" 404 2969
[2025-07-01 12:40:37,310] WARNING django.request Not Found: /media/logo/logo.png
[2025-07-01 12:40:37,311] INFO django.server "GET /static/custom_admin/css/branding.css HTTP/1.1" 200 99
[2025-07-01 12:40:37,311] WARNING django.server "GET /media/logo/logo.png HTTP/1.1" 404 3140
[2025-07-01 12:40:37,400] INFO django.server "GET /static/custom_admin/js/branding.js HTTP/1.1" 200 104
[2025-07-01 12:40:38,308] WARNING django.request Not Found: /favicon.ico
[2025-07-01 12:40:38,308] WARNING django.server "GET /favicon.ico HTTP/1.1" 404 2858
[2025-07-01 12:40:40,797] INFO django.server "GET /auth/admin_dashboard/ HTTP/1.1" 200 20860
[2025-07-01 12:40:40,855] INFO django.server "GET /static/custom_admin/css/branding.css HTTP/1.1" 200 99
[2025-07-01 12:40:40,863] WARNING django.request Not Found: /.well-known/appspecific/com.chrome.devtools.json
[2025-07-01 12:40:40,866] WARNING django.server "GET /.well-known/appspecific/com.chrome.devtools.json HTTP/1.1" 404 2969
[2025-07-01 12:40:40,873] WARNING django.request Not Found: /media/logo/logo.png
[2025-07-01 12:40:40,874] WARNING django.server "GET /media/logo/logo.png HTTP/1.1" 404 3140
[2025-07-01 12:40:40,916] INFO django.server "GET /static/custom_admin/js/branding.js HTTP/1.1" 200 104
[2025-07-01 12:40:41,761] WARNING django.request Not Found: /favicon.ico
[2025-07-01 12:40:41,762] WARNING django.server "GET /favicon.ico HTTP/1.1" 404 2858
[2025-07-01 12:41:11,985] INFO django.utils.autoreload C:\Users\Ayush\OneDrive - Crystal Hues Ltd\Desktop\consultaion_webapp\consultaion_webapp\settings\base.py changed, reloading.
[2025-07-01 12:41:13,732] INFO django.utils.autoreload Watching for file changes with StatReloader
[2025-07-01 12:41:21,893] INFO django.utils.autoreload C:\Users\Ayush\OneDrive - Crystal Hues Ltd\Desktop\consultaion_webapp\consultaion_webapp\views.py changed, reloading.
[2025-07-01 12:41:25,358] INFO django.utils.autoreload Watching for file changes with StatReloader
[2025-07-01 12:44:49,049] INFO django.server "GET /consultant/consultant_dashboard/ HTTP/1.1" 200 17237
[2025-07-01 12:44:49,096] WARNING django.request Not Found: /.well-known/appspecific/com.chrome.devtools.json
[2025-07-01 12:44:49,098] WARNING django.server "GET /.well-known/appspecific/com.chrome.devtools.json HTTP/1.1" 404 2969
[2025-07-01 12:44:49,105] WARNING django.request Not Found: /consultant/consultant_dashboard/logo/logo.png
[2025-07-01 12:44:49,106] WARNING django.server "GET /consultant/consultant_dashboard/logo/logo.png HTTP/1.1" 404 5172
[2025-07-01 12:44:51,322] INFO django.server "GET /auth/admin_dashboard/ HTTP/1.1" 200 20853
[2025-07-01 12:44:51,386] WARNING django.request Not Found: /.well-known/appspecific/com.chrome.devtools.json
[2025-07-01 12:44:51,387] WARNING django.server "GET /.well-known/appspecific/com.chrome.devtools.json HTTP/1.1" 404 2969
[2025-07-01 12:44:51,408] WARNING django.request Not Found: /auth/admin_dashboard/logo/logo.png
[2025-07-01 12:44:51,409] WARNING django.server "GET /auth/admin_dashboard/logo/logo.png HTTP/1.1" 404 8050
[2025-07-01 12:44:51,450] INFO django.server "GET /static/custom_admin/css/branding.css HTTP/1.1" 200 99
[2025-07-01 12:44:51,465] INFO django.server "GET /static/custom_admin/js/branding.js HTTP/1.1" 200 104
[2025-07-01 12:44:52,525] WARNING django.request Not Found: /favicon.ico
[2025-07-01 12:44:52,527] WARNING django.server "GET /favicon.ico HTTP/1.1" 404 2858
[2025-07-01 12:45:50,069] INFO django.utils.autoreload C:\Users\Ayush\OneDrive - Crystal Hues Ltd\Desktop\consultaion_webapp\consultaion_webapp\views.py changed, reloading.
[2025-07-01 12:45:52,024] INFO django.utils.autoreload Watching for file changes with StatReloader
[2025-07-01 12:45:55,420] INFO django.server "GET /auth/admin_dashboard/ HTTP/1.1" 200 20860
[2025-07-01 12:45:55,487] WARNING django.request Not Found: /.well-known/appspecific/com.chrome.devtools.json
[2025-07-01 12:45:55,488] WARNING django.server "GET /.well-known/appspecific/com.chrome.devtools.json HTTP/1.1" 404 2969
[2025-07-01 12:45:55,508] WARNING django.request Not Found: /media/logo/logo.png
[2025-07-01 12:45:55,509] WARNING django.server "GET /media/logo/logo.png HTTP/1.1" 404 3140
[2025-07-01 12:45:55,558] INFO django.server "GET /static/custom_admin/css/branding.css HTTP/1.1" 200 99
[2025-07-01 12:45:55,605] INFO django.server "GET /static/custom_admin/js/branding.js HTTP/1.1" 200 104
[2025-07-01 12:45:56,552] WARNING django.request Not Found: /favicon.ico
[2025-07-01 12:45:56,553] WARNING django.server "GET /favicon.ico HTTP/1.1" 404 2858
[2025-07-01 12:46:15,350] INFO django.utils.autoreload C:\Users\Ayush\OneDrive - Crystal Hues Ltd\Desktop\consultaion_webapp\consultaion_webapp\views.py changed, reloading.
[2025-07-01 12:46:17,583] INFO django.utils.autoreload Watching for file changes with StatReloader
[2025-07-01 12:46:22,294] INFO django.server "GET /auth/admin_dashboard/ HTTP/1.1" 200 20860
[2025-07-01 12:46:22,356] WARNING django.request Not Found: /.well-known/appspecific/com.chrome.devtools.json
[2025-07-01 12:46:22,357] WARNING django.server "GET /.well-known/appspecific/com.chrome.devtools.json HTTP/1.1" 404 2969
[2025-07-01 12:46:22,370] WARNING django.request Not Found: /media/logo/logo.png
[2025-07-01 12:46:22,371] WARNING django.server "GET /media/logo/logo.png HTTP/1.1" 404 3140
[2025-07-01 12:46:22,422] INFO django.server "GET /static/custom_admin/css/branding.css HTTP/1.1" 200 99
[2025-07-01 12:46:22,457] INFO django.server "GET /static/custom_admin/js/branding.js HTTP/1.1" 200 104
[2025-07-01 12:46:23,269] WARNING django.request Not Found: /favicon.ico
[2025-07-01 12:46:23,269] WARNING django.server "GET /favicon.ico HTTP/1.1" 404 2858
[2025-07-01 12:46:36,735] INFO django.server "GET / HTTP/1.1" 200 38186
[2025-07-01 12:46:36,839] WARNING django.request Not Found: /media/logo/logo.png
[2025-07-01 12:46:36,841] WARNING django.server "GET /media/logo/logo.png HTTP/1.1" 404 3140
[2025-07-01 12:46:37,881] WARNING django.request Not Found: /favicon.ico
[2025-07-01 12:46:37,884] WARNING django.server "GET /favicon.ico HTTP/1.1" 404 2858
[2025-07-01 12:46:46,944] INFO django.utils.autoreload C:\Users\Ayush\OneDrive - Crystal Hues Ltd\Desktop\consultaion_webapp\consultaion_webapp\settings\base.py changed, reloading.
[2025-07-01 12:46:49,023] INFO django.utils.autoreload Watching for file changes with StatReloader
[2025-07-01 12:46:51,047] INFO django.server "GET / HTTP/1.1" 200 38186
[2025-07-01 12:46:51,102] WARNING django.request Not Found: /media/logo/logo.png
[2025-07-01 12:46:51,102] WARNING django.server "GET /media/logo/logo.png HTTP/1.1" 404 3140
[2025-07-01 12:46:51,970] WARNING django.request Not Found: /favicon.ico
[2025-07-01 12:46:51,970] WARNING django.server "GET /favicon.ico HTTP/1.1" 404 2858
[2025-07-01 12:47:01,797] INFO django.server "GET / HTTP/1.1" 200 38186
[2025-07-01 12:47:01,926] WARNING django.request Not Found: /media/logo/logo.png
[2025-07-01 12:47:01,927] WARNING django.server "GET /media/logo/logo.png HTTP/1.1" 404 3140
[2025-07-01 12:47:02,784] WARNING django.request Not Found: /favicon.ico
[2025-07-01 12:47:02,785] WARNING django.server "GET /favicon.ico HTTP/1.1" 404 2858
[2025-07-01 12:47:10,529] INFO django.server "GET /consultant/consultant_dashboard/ HTTP/1.1" 200 17244
[2025-07-01 12:47:10,649] WARNING django.request Not Found: /.well-known/appspecific/com.chrome.devtools.json
[2025-07-01 12:47:10,651] WARNING django.server "GET /.well-known/appspecific/com.chrome.devtools.json HTTP/1.1" 404 2969
[2025-07-01 12:47:10,659] WARNING django.request Not Found: /media/logo/logo.png
[2025-07-01 12:47:10,660] WARNING django.server "GET /media/logo/logo.png HTTP/1.1" 404 3140
[2025-07-01 12:47:10,733] INFO django.server "GET /static/custom_admin/css/branding.css HTTP/1.1" 200 99
[2025-07-01 12:47:10,801] INFO django.server "GET /static/custom_admin/js/branding.js HTTP/1.1" 200 104
[2025-07-01 12:47:11,832] WARNING django.request Not Found: /favicon.ico
[2025-07-01 12:47:11,833] WARNING django.server "GET /favicon.ico HTTP/1.1" 404 2858
[2025-07-01 12:47:15,105] INFO django.server "GET /auth/logout/ HTTP/1.1" 302 0
[2025-07-01 12:47:15,109] INFO django.server "GET /auth/login/ HTTP/1.1" 200 38179
[2025-07-01 12:47:15,165] WARNING django.request Not Found: /auth/login/logo/logo.png
[2025-07-01 12:47:15,166] WARNING django.server "GET /auth/login/logo/logo.png HTTP/1.1" 404 8020
[2025-07-01 12:47:17,644] WARNING django.request Not Found: /.well-known/appspecific/com.chrome.devtools.json
[2025-07-01 12:47:17,645] WARNING django.server "GET /.well-known/appspecific/com.chrome.devtools.json HTTP/1.1" 404 2969
[2025-07-01 12:48:43,689] INFO django.server "GET /auth/login/ HTTP/1.1" 200 38187
[2025-07-01 12:48:43,743] WARNING django.server "GET /static/logo/logo.png HTTP/1.1" 404 1798
[2025-07-01 12:48:44,654] WARNING django.request Not Found: /favicon.ico
[2025-07-01 12:48:44,655] WARNING django.server "GET /favicon.ico HTTP/1.1" 404 2858
[2025-07-01 12:49:05,231] INFO django.server "GET / HTTP/1.1" 200 38187
[2025-07-01 12:49:05,435] WARNING django.server "GET /static/logo/logo.png HTTP/1.1" 404 1798
[2025-07-01 12:49:06,292] WARNING django.request Not Found: /favicon.ico
[2025-07-01 12:49:06,294] WARNING django.server "GET /favicon.ico HTTP/1.1" 404 2858
[2025-07-01 12:49:19,998] WARNING django.request Not Found: /.well-known/appspecific/com.chrome.devtools.json
[2025-07-01 12:49:19,999] WARNING django.server "GET /.well-known/appspecific/com.chrome.devtools.json HTTP/1.1" 404 2969
[2025-07-01 12:50:47,835] INFO django.utils.autoreload C:\Users\Ayush\OneDrive - Crystal Hues Ltd\Desktop\consultaion_webapp\consultaion_webapp\views.py changed, reloading.
[2025-07-01 12:50:49,459] INFO django.utils.autoreload Watching for file changes with StatReloader
[2025-07-01 12:51:26,758] INFO django.server "GET / HTTP/1.1" 200 38187
[2025-07-01 12:51:26,808] WARNING django.request Not Found: /.well-known/appspecific/com.chrome.devtools.json
[2025-07-01 12:51:26,809] WARNING django.server "GET /.well-known/appspecific/com.chrome.devtools.json HTTP/1.1" 404 2969
[2025-07-01 12:51:26,819] WARNING django.server "GET /static/logo/logo.png HTTP/1.1" 404 1798
[2025-07-01 12:51:27,965] WARNING django.request Not Found: /favicon.ico
[2025-07-01 12:51:27,966] WARNING django.server "GET /favicon.ico HTTP/1.1" 404 2858
[2025-07-01 12:54:17,243] INFO django.server "GET / HTTP/1.1" 200 38187
[2025-07-01 12:54:17,297] WARNING django.request Not Found: /.well-known/appspecific/com.chrome.devtools.json
[2025-07-01 12:54:17,298] WARNING django.server "GET /.well-known/appspecific/com.chrome.devtools.json HTTP/1.1" 404 2969
[2025-07-01 12:54:17,313] WARNING django.server "GET /static/logo/logo.png HTTP/1.1" 404 1798
[2025-07-01 12:54:18,340] WARNING django.request Not Found: /favicon.ico
[2025-07-01 12:54:18,342] WARNING django.server "GET /favicon.ico HTTP/1.1" 404 2858
[2025-07-01 12:55:03,761] INFO django.utils.autoreload C:\Users\Ayush\OneDrive - Crystal Hues Ltd\Desktop\consultaion_webapp\consultaion_webapp\settings\base.py changed, reloading.
[2025-07-01 12:55:05,958] INFO django.utils.autoreload Watching for file changes with StatReloader
[2025-07-01 12:55:17,153] INFO django.utils.autoreload C:\Users\Ayush\OneDrive - Crystal Hues Ltd\Desktop\consultaion_webapp\consultaion_webapp\settings\base.py changed, reloading.
[2025-07-01 12:55:19,978] INFO django.utils.autoreload Watching for file changes with StatReloader
[2025-07-01 12:55:22,316] ERROR django.request Internal Server Error: /
Traceback (most recent call last):
  File "C:\Users\Ayush\AppData\Local\Programs\Python\Python313\Lib\site-packages\django\core\handlers\exception.py", line 55, in inner
    response = get_response(request)
  File "C:\Users\Ayush\AppData\Local\Programs\Python\Python313\Lib\site-packages\django\core\handlers\base.py", line 197, in _get_response
    response = wrapped_callback(request, *callback_args, **callback_kwargs)
  File "C:\Users\Ayush\OneDrive - Crystal Hues Ltd\Desktop\consultaion_webapp\consultaion_webapp\views.py", line 8, in landing_page
    return render(request, 'landingpage.html')
  File "C:\Users\Ayush\AppData\Local\Programs\Python\Python313\Lib\site-packages\django\shortcuts.py", line 25, in render
    content = loader.render_to_string(template_name, context, request, using=using)
  File "C:\Users\Ayush\AppData\Local\Programs\Python\Python313\Lib\site-packages\django\template\loader.py", line 62, in render_to_string
    return template.render(context, request)
           ~~~~~~~~~~~~~~~^^^^^^^^^^^^^^^^^^
  File "C:\Users\Ayush\AppData\Local\Programs\Python\Python313\Lib\site-packages\django\template\backends\django.py", line 61, in render
    return self.template.render(context)
           ~~~~~~~~~~~~~~~~~~~~^^^^^^^^^
  File "C:\Users\Ayush\AppData\Local\Programs\Python\Python313\Lib\site-packages\django\template\base.py", line 169, in render
    with context.bind_template(self):
         ~~~~~~~~~~~~~~~~~~~~~^^^^^^
  File "C:\Users\Ayush\AppData\Local\Programs\Python\Python313\Lib\contextlib.py", line 141, in __enter__
    return next(self.gen)
  File "C:\Users\Ayush\AppData\Local\Programs\Python\Python313\Lib\site-packages\django\template\context.py", line 251, in bind_template
    processors = template.engine.template_context_processors + self._processors
                 ^^^^^^^^^^^^^^^^^^^^^^^^^^^^^^^^^^^^^^^^^^^
  File "C:\Users\Ayush\AppData\Local\Programs\Python\Python313\Lib\site-packages\django\utils\functional.py", line 47, in __get__
    res = instance.__dict__[self.name] = self.func(instance)
                                         ~~~~~~~~~^^^^^^^^^^
  File "C:\Users\Ayush\AppData\Local\Programs\Python\Python313\Lib\site-packages\django\template\engine.py", line 118, in template_context_processors
    return tuple(import_string(path) for path in context_processors)
  File "C:\Users\Ayush\AppData\Local\Programs\Python\Python313\Lib\site-packages\django\template\engine.py", line 118, in <genexpr>
    return tuple(import_string(path) for path in context_processors)
                 ~~~~~~~~~~~~~^^^^^^
  File "C:\Users\Ayush\AppData\Local\Programs\Python\Python313\Lib\site-packages\django\utils\module_loading.py", line 30, in import_string
    return cached_import(module_path, class_name)
  File "C:\Users\Ayush\AppData\Local\Programs\Python\Python313\Lib\site-packages\django\utils\module_loading.py", line 15, in cached_import
    module = import_module(module_path)
  File "C:\Users\Ayush\AppData\Local\Programs\Python\Python313\Lib\importlib\__init__.py", line 88, in import_module
    return _bootstrap._gcd_import(name[level:], package, level)
           ~~~~~~~~~~~~~~~~~~~~~~^^^^^^^^^^^^^^^^^^^^^^^^^^^^^^
  File "<frozen importlib._bootstrap>", line 1387, in _gcd_import
  File "<frozen importlib._bootstrap>", line 1360, in _find_and_load
  File "<frozen importlib._bootstrap>", line 1324, in _find_and_load_unlocked
ModuleNotFoundError: No module named 'consultaion_webapp.context_processors'
[2025-07-01 12:55:22,326] ERROR django.server "GET / HTTP/1.1" 500 133167
[2025-07-01 12:55:22,372] WARNING django.request Not Found: /.well-known/appspecific/com.chrome.devtools.json
[2025-07-01 12:55:22,372] WARNING django.server "GET /.well-known/appspecific/com.chrome.devtools.json HTTP/1.1" 404 2969
[2025-07-01 12:55:23,814] ERROR django.request Internal Server Error: /
Traceback (most recent call last):
  File "C:\Users\Ayush\AppData\Local\Programs\Python\Python313\Lib\site-packages\django\core\handlers\exception.py", line 55, in inner
    response = get_response(request)
  File "C:\Users\Ayush\AppData\Local\Programs\Python\Python313\Lib\site-packages\django\core\handlers\base.py", line 197, in _get_response
    response = wrapped_callback(request, *callback_args, **callback_kwargs)
  File "C:\Users\Ayush\OneDrive - Crystal Hues Ltd\Desktop\consultaion_webapp\consultaion_webapp\views.py", line 8, in landing_page
    return render(request, 'landingpage.html')
  File "C:\Users\Ayush\AppData\Local\Programs\Python\Python313\Lib\site-packages\django\shortcuts.py", line 25, in render
    content = loader.render_to_string(template_name, context, request, using=using)
  File "C:\Users\Ayush\AppData\Local\Programs\Python\Python313\Lib\site-packages\django\template\loader.py", line 62, in render_to_string
    return template.render(context, request)
           ~~~~~~~~~~~~~~~^^^^^^^^^^^^^^^^^^
  File "C:\Users\Ayush\AppData\Local\Programs\Python\Python313\Lib\site-packages\django\template\backends\django.py", line 61, in render
    return self.template.render(context)
           ~~~~~~~~~~~~~~~~~~~~^^^^^^^^^
  File "C:\Users\Ayush\AppData\Local\Programs\Python\Python313\Lib\site-packages\django\template\base.py", line 169, in render
    with context.bind_template(self):
         ~~~~~~~~~~~~~~~~~~~~~^^^^^^
  File "C:\Users\Ayush\AppData\Local\Programs\Python\Python313\Lib\contextlib.py", line 141, in __enter__
    return next(self.gen)
  File "C:\Users\Ayush\AppData\Local\Programs\Python\Python313\Lib\site-packages\django\template\context.py", line 251, in bind_template
    processors = template.engine.template_context_processors + self._processors
                 ^^^^^^^^^^^^^^^^^^^^^^^^^^^^^^^^^^^^^^^^^^^
  File "C:\Users\Ayush\AppData\Local\Programs\Python\Python313\Lib\site-packages\django\utils\functional.py", line 47, in __get__
    res = instance.__dict__[self.name] = self.func(instance)
                                         ~~~~~~~~~^^^^^^^^^^
  File "C:\Users\Ayush\AppData\Local\Programs\Python\Python313\Lib\site-packages\django\template\engine.py", line 118, in template_context_processors
    return tuple(import_string(path) for path in context_processors)
  File "C:\Users\Ayush\AppData\Local\Programs\Python\Python313\Lib\site-packages\django\template\engine.py", line 118, in <genexpr>
    return tuple(import_string(path) for path in context_processors)
                 ~~~~~~~~~~~~~^^^^^^
  File "C:\Users\Ayush\AppData\Local\Programs\Python\Python313\Lib\site-packages\django\utils\module_loading.py", line 30, in import_string
    return cached_import(module_path, class_name)
  File "C:\Users\Ayush\AppData\Local\Programs\Python\Python313\Lib\site-packages\django\utils\module_loading.py", line 15, in cached_import
    module = import_module(module_path)
  File "C:\Users\Ayush\AppData\Local\Programs\Python\Python313\Lib\importlib\__init__.py", line 88, in import_module
    return _bootstrap._gcd_import(name[level:], package, level)
           ~~~~~~~~~~~~~~~~~~~~~~^^^^^^^^^^^^^^^^^^^^^^^^^^^^^^
  File "<frozen importlib._bootstrap>", line 1387, in _gcd_import
  File "<frozen importlib._bootstrap>", line 1360, in _find_and_load
  File "<frozen importlib._bootstrap>", line 1324, in _find_and_load_unlocked
ModuleNotFoundError: No module named 'consultaion_webapp.context_processors'
[2025-07-01 12:55:23,817] ERROR django.server "GET / HTTP/1.1" 500 133295
[2025-07-01 12:55:23,870] WARNING django.request Not Found: /.well-known/appspecific/com.chrome.devtools.json
[2025-07-01 12:55:23,870] WARNING django.server "GET /.well-known/appspecific/com.chrome.devtools.json HTTP/1.1" 404 2969
[2025-07-01 12:55:24,573] WARNING django.request Not Found: /favicon.ico
[2025-07-01 12:55:24,574] WARNING django.server "GET /favicon.ico HTTP/1.1" 404 2858
[2025-07-01 12:55:44,537] INFO django.utils.autoreload C:\Users\Ayush\OneDrive - Crystal Hues Ltd\Desktop\consultaion_webapp\consultaion_webapp\settings\base.py changed, reloading.
[2025-07-01 12:55:47,133] INFO django.utils.autoreload Watching for file changes with StatReloader
[2025-07-01 12:55:50,746] INFO django.utils.autoreload C:\Users\Ayush\OneDrive - Crystal Hues Ltd\Desktop\consultaion_webapp\consultaion_webapp\settings\base.py changed, reloading.
[2025-07-01 12:55:53,192] INFO django.utils.autoreload Watching for file changes with StatReloader
[2025-07-01 12:55:56,606] ERROR django.request Internal Server Error: /
Traceback (most recent call last):
  File "C:\Users\Ayush\AppData\Local\Programs\Python\Python313\Lib\site-packages\django\core\handlers\exception.py", line 55, in inner
    response = get_response(request)
  File "C:\Users\Ayush\AppData\Local\Programs\Python\Python313\Lib\site-packages\django\core\handlers\base.py", line 197, in _get_response
    response = wrapped_callback(request, *callback_args, **callback_kwargs)
  File "C:\Users\Ayush\OneDrive - Crystal Hues Ltd\Desktop\consultaion_webapp\consultaion_webapp\views.py", line 8, in landing_page
    return render(request, 'landingpage.html')
  File "C:\Users\Ayush\AppData\Local\Programs\Python\Python313\Lib\site-packages\django\shortcuts.py", line 25, in render
    content = loader.render_to_string(template_name, context, request, using=using)
  File "C:\Users\Ayush\AppData\Local\Programs\Python\Python313\Lib\site-packages\django\template\loader.py", line 62, in render_to_string
    return template.render(context, request)
           ~~~~~~~~~~~~~~~^^^^^^^^^^^^^^^^^^
  File "C:\Users\Ayush\AppData\Local\Programs\Python\Python313\Lib\site-packages\django\template\backends\django.py", line 61, in render
    return self.template.render(context)
           ~~~~~~~~~~~~~~~~~~~~^^^^^^^^^
  File "C:\Users\Ayush\AppData\Local\Programs\Python\Python313\Lib\site-packages\django\template\base.py", line 169, in render
    with context.bind_template(self):
         ~~~~~~~~~~~~~~~~~~~~~^^^^^^
  File "C:\Users\Ayush\AppData\Local\Programs\Python\Python313\Lib\contextlib.py", line 141, in __enter__
    return next(self.gen)
  File "C:\Users\Ayush\AppData\Local\Programs\Python\Python313\Lib\site-packages\django\template\context.py", line 251, in bind_template
    processors = template.engine.template_context_processors + self._processors
                 ^^^^^^^^^^^^^^^^^^^^^^^^^^^^^^^^^^^^^^^^^^^
  File "C:\Users\Ayush\AppData\Local\Programs\Python\Python313\Lib\site-packages\django\utils\functional.py", line 47, in __get__
    res = instance.__dict__[self.name] = self.func(instance)
                                         ~~~~~~~~~^^^^^^^^^^
  File "C:\Users\Ayush\AppData\Local\Programs\Python\Python313\Lib\site-packages\django\template\engine.py", line 118, in template_context_processors
    return tuple(import_string(path) for path in context_processors)
  File "C:\Users\Ayush\AppData\Local\Programs\Python\Python313\Lib\site-packages\django\template\engine.py", line 118, in <genexpr>
    return tuple(import_string(path) for path in context_processors)
                 ~~~~~~~~~~~~~^^^^^^
  File "C:\Users\Ayush\AppData\Local\Programs\Python\Python313\Lib\site-packages\django\utils\module_loading.py", line 30, in import_string
    return cached_import(module_path, class_name)
  File "C:\Users\Ayush\AppData\Local\Programs\Python\Python313\Lib\site-packages\django\utils\module_loading.py", line 15, in cached_import
    module = import_module(module_path)
  File "C:\Users\Ayush\AppData\Local\Programs\Python\Python313\Lib\importlib\__init__.py", line 88, in import_module
    return _bootstrap._gcd_import(name[level:], package, level)
           ~~~~~~~~~~~~~~~~~~~~~~^^^^^^^^^^^^^^^^^^^^^^^^^^^^^^
  File "<frozen importlib._bootstrap>", line 1387, in _gcd_import
  File "<frozen importlib._bootstrap>", line 1360, in _find_and_load
  File "<frozen importlib._bootstrap>", line 1310, in _find_and_load_unlocked
  File "<frozen importlib._bootstrap>", line 488, in _call_with_frames_removed
  File "<frozen importlib._bootstrap>", line 1387, in _gcd_import
  File "<frozen importlib._bootstrap>", line 1360, in _find_and_load
  File "<frozen importlib._bootstrap>", line 1324, in _find_and_load_unlocked
ModuleNotFoundError: No module named 'consultant_webapp'
[2025-07-01 12:55:56,609] ERROR django.request Internal Server Error: /
Traceback (most recent call last):
  File "C:\Users\Ayush\AppData\Local\Programs\Python\Python313\Lib\site-packages\django\core\handlers\exception.py", line 55, in inner
    response = get_response(request)
  File "C:\Users\Ayush\AppData\Local\Programs\Python\Python313\Lib\site-packages\django\core\handlers\base.py", line 197, in _get_response
    response = wrapped_callback(request, *callback_args, **callback_kwargs)
  File "C:\Users\Ayush\OneDrive - Crystal Hues Ltd\Desktop\consultaion_webapp\consultaion_webapp\views.py", line 8, in landing_page
    return render(request, 'landingpage.html')
  File "C:\Users\Ayush\AppData\Local\Programs\Python\Python313\Lib\site-packages\django\shortcuts.py", line 25, in render
    content = loader.render_to_string(template_name, context, request, using=using)
  File "C:\Users\Ayush\AppData\Local\Programs\Python\Python313\Lib\site-packages\django\template\loader.py", line 62, in render_to_string
    return template.render(context, request)
           ~~~~~~~~~~~~~~~^^^^^^^^^^^^^^^^^^
  File "C:\Users\Ayush\AppData\Local\Programs\Python\Python313\Lib\site-packages\django\template\backends\django.py", line 61, in render
    return self.template.render(context)
           ~~~~~~~~~~~~~~~~~~~~^^^^^^^^^
  File "C:\Users\Ayush\AppData\Local\Programs\Python\Python313\Lib\site-packages\django\template\base.py", line 169, in render
    with context.bind_template(self):
         ~~~~~~~~~~~~~~~~~~~~~^^^^^^
  File "C:\Users\Ayush\AppData\Local\Programs\Python\Python313\Lib\contextlib.py", line 141, in __enter__
    return next(self.gen)
  File "C:\Users\Ayush\AppData\Local\Programs\Python\Python313\Lib\site-packages\django\template\context.py", line 251, in bind_template
    processors = template.engine.template_context_processors + self._processors
                 ^^^^^^^^^^^^^^^^^^^^^^^^^^^^^^^^^^^^^^^^^^^
  File "C:\Users\Ayush\AppData\Local\Programs\Python\Python313\Lib\site-packages\django\utils\functional.py", line 47, in __get__
    res = instance.__dict__[self.name] = self.func(instance)
                                         ~~~~~~~~~^^^^^^^^^^
  File "C:\Users\Ayush\AppData\Local\Programs\Python\Python313\Lib\site-packages\django\template\engine.py", line 118, in template_context_processors
    return tuple(import_string(path) for path in context_processors)
  File "C:\Users\Ayush\AppData\Local\Programs\Python\Python313\Lib\site-packages\django\template\engine.py", line 118, in <genexpr>
    return tuple(import_string(path) for path in context_processors)
                 ~~~~~~~~~~~~~^^^^^^
  File "C:\Users\Ayush\AppData\Local\Programs\Python\Python313\Lib\site-packages\django\utils\module_loading.py", line 30, in import_string
    return cached_import(module_path, class_name)
  File "C:\Users\Ayush\AppData\Local\Programs\Python\Python313\Lib\site-packages\django\utils\module_loading.py", line 15, in cached_import
    module = import_module(module_path)
  File "C:\Users\Ayush\AppData\Local\Programs\Python\Python313\Lib\importlib\__init__.py", line 88, in import_module
    return _bootstrap._gcd_import(name[level:], package, level)
           ~~~~~~~~~~~~~~~~~~~~~~^^^^^^^^^^^^^^^^^^^^^^^^^^^^^^
  File "<frozen importlib._bootstrap>", line 1387, in _gcd_import
  File "<frozen importlib._bootstrap>", line 1360, in _find_and_load
  File "<frozen importlib._bootstrap>", line 1310, in _find_and_load_unlocked
  File "<frozen importlib._bootstrap>", line 488, in _call_with_frames_removed
  File "<frozen importlib._bootstrap>", line 1387, in _gcd_import
  File "<frozen importlib._bootstrap>", line 1360, in _find_and_load
  File "<frozen importlib._bootstrap>", line 1324, in _find_and_load_unlocked
ModuleNotFoundError: No module named 'consultant_webapp'
[2025-07-01 12:55:56,616] INFO django.server - Broken pipe from ('127.0.0.1', 62537)
[2025-07-01 12:55:56,618] ERROR django.server "GET / HTTP/1.1" 500 139522
[2025-07-01 12:55:57,525] WARNING django.request Not Found: /favicon.ico
[2025-07-01 12:55:57,527] WARNING django.server "GET /favicon.ico HTTP/1.1" 404 2858
[2025-07-01 12:55:59,863] ERROR django.request Internal Server Error: /
Traceback (most recent call last):
  File "C:\Users\Ayush\AppData\Local\Programs\Python\Python313\Lib\site-packages\django\core\handlers\exception.py", line 55, in inner
    response = get_response(request)
  File "C:\Users\Ayush\AppData\Local\Programs\Python\Python313\Lib\site-packages\django\core\handlers\base.py", line 197, in _get_response
    response = wrapped_callback(request, *callback_args, **callback_kwargs)
  File "C:\Users\Ayush\OneDrive - Crystal Hues Ltd\Desktop\consultaion_webapp\consultaion_webapp\views.py", line 8, in landing_page
    return render(request, 'landingpage.html')
  File "C:\Users\Ayush\AppData\Local\Programs\Python\Python313\Lib\site-packages\django\shortcuts.py", line 25, in render
    content = loader.render_to_string(template_name, context, request, using=using)
  File "C:\Users\Ayush\AppData\Local\Programs\Python\Python313\Lib\site-packages\django\template\loader.py", line 62, in render_to_string
    return template.render(context, request)
           ~~~~~~~~~~~~~~~^^^^^^^^^^^^^^^^^^
  File "C:\Users\Ayush\AppData\Local\Programs\Python\Python313\Lib\site-packages\django\template\backends\django.py", line 61, in render
    return self.template.render(context)
           ~~~~~~~~~~~~~~~~~~~~^^^^^^^^^
  File "C:\Users\Ayush\AppData\Local\Programs\Python\Python313\Lib\site-packages\django\template\base.py", line 169, in render
    with context.bind_template(self):
         ~~~~~~~~~~~~~~~~~~~~~^^^^^^
  File "C:\Users\Ayush\AppData\Local\Programs\Python\Python313\Lib\contextlib.py", line 141, in __enter__
    return next(self.gen)
  File "C:\Users\Ayush\AppData\Local\Programs\Python\Python313\Lib\site-packages\django\template\context.py", line 251, in bind_template
    processors = template.engine.template_context_processors + self._processors
                 ^^^^^^^^^^^^^^^^^^^^^^^^^^^^^^^^^^^^^^^^^^^
  File "C:\Users\Ayush\AppData\Local\Programs\Python\Python313\Lib\site-packages\django\utils\functional.py", line 47, in __get__
    res = instance.__dict__[self.name] = self.func(instance)
                                         ~~~~~~~~~^^^^^^^^^^
  File "C:\Users\Ayush\AppData\Local\Programs\Python\Python313\Lib\site-packages\django\template\engine.py", line 118, in template_context_processors
    return tuple(import_string(path) for path in context_processors)
  File "C:\Users\Ayush\AppData\Local\Programs\Python\Python313\Lib\site-packages\django\template\engine.py", line 118, in <genexpr>
    return tuple(import_string(path) for path in context_processors)
                 ~~~~~~~~~~~~~^^^^^^
  File "C:\Users\Ayush\AppData\Local\Programs\Python\Python313\Lib\site-packages\django\utils\module_loading.py", line 30, in import_string
    return cached_import(module_path, class_name)
  File "C:\Users\Ayush\AppData\Local\Programs\Python\Python313\Lib\site-packages\django\utils\module_loading.py", line 15, in cached_import
    module = import_module(module_path)
  File "C:\Users\Ayush\AppData\Local\Programs\Python\Python313\Lib\importlib\__init__.py", line 88, in import_module
    return _bootstrap._gcd_import(name[level:], package, level)
           ~~~~~~~~~~~~~~~~~~~~~~^^^^^^^^^^^^^^^^^^^^^^^^^^^^^^
  File "<frozen importlib._bootstrap>", line 1387, in _gcd_import
  File "<frozen importlib._bootstrap>", line 1360, in _find_and_load
  File "<frozen importlib._bootstrap>", line 1310, in _find_and_load_unlocked
  File "<frozen importlib._bootstrap>", line 488, in _call_with_frames_removed
  File "<frozen importlib._bootstrap>", line 1387, in _gcd_import
  File "<frozen importlib._bootstrap>", line 1360, in _find_and_load
  File "<frozen importlib._bootstrap>", line 1324, in _find_and_load_unlocked
ModuleNotFoundError: No module named 'consultant_webapp'
[2025-07-01 12:55:59,867] ERROR django.server "GET / HTTP/1.1" 500 139522
[2025-07-01 12:56:00,093] WARNING django.request Not Found: /favicon.ico
[2025-07-01 12:56:00,093] WARNING django.server "GET /favicon.ico HTTP/1.1" 404 2858
[2025-07-01 12:56:35,356] INFO django.utils.autoreload C:\Users\Ayush\OneDrive - Crystal Hues Ltd\Desktop\consultaion_webapp\consultaion_webapp\settings\base.py changed, reloading.
[2025-07-01 12:56:37,182] INFO django.utils.autoreload Watching for file changes with StatReloader
[2025-07-01 12:56:53,708] ERROR django.request Internal Server Error: /
Traceback (most recent call last):
  File "C:\Users\Ayush\AppData\Local\Programs\Python\Python313\Lib\site-packages\django\core\handlers\exception.py", line 55, in inner
    response = get_response(request)
  File "C:\Users\Ayush\AppData\Local\Programs\Python\Python313\Lib\site-packages\django\core\handlers\base.py", line 197, in _get_response
    response = wrapped_callback(request, *callback_args, **callback_kwargs)
  File "C:\Users\Ayush\OneDrive - Crystal Hues Ltd\Desktop\consultaion_webapp\consultaion_webapp\views.py", line 8, in landing_page
    return render(request, 'landingpage.html')
  File "C:\Users\Ayush\AppData\Local\Programs\Python\Python313\Lib\site-packages\django\shortcuts.py", line 25, in render
    content = loader.render_to_string(template_name, context, request, using=using)
  File "C:\Users\Ayush\AppData\Local\Programs\Python\Python313\Lib\site-packages\django\template\loader.py", line 62, in render_to_string
    return template.render(context, request)
           ~~~~~~~~~~~~~~~^^^^^^^^^^^^^^^^^^
  File "C:\Users\Ayush\AppData\Local\Programs\Python\Python313\Lib\site-packages\django\template\backends\django.py", line 61, in render
    return self.template.render(context)
           ~~~~~~~~~~~~~~~~~~~~^^^^^^^^^
  File "C:\Users\Ayush\AppData\Local\Programs\Python\Python313\Lib\site-packages\django\template\base.py", line 169, in render
    with context.bind_template(self):
         ~~~~~~~~~~~~~~~~~~~~~^^^^^^
  File "C:\Users\Ayush\AppData\Local\Programs\Python\Python313\Lib\contextlib.py", line 141, in __enter__
    return next(self.gen)
  File "C:\Users\Ayush\AppData\Local\Programs\Python\Python313\Lib\site-packages\django\template\context.py", line 251, in bind_template
    processors = template.engine.template_context_processors + self._processors
                 ^^^^^^^^^^^^^^^^^^^^^^^^^^^^^^^^^^^^^^^^^^^
  File "C:\Users\Ayush\AppData\Local\Programs\Python\Python313\Lib\site-packages\django\utils\functional.py", line 47, in __get__
    res = instance.__dict__[self.name] = self.func(instance)
                                         ~~~~~~~~~^^^^^^^^^^
  File "C:\Users\Ayush\AppData\Local\Programs\Python\Python313\Lib\site-packages\django\template\engine.py", line 118, in template_context_processors
    return tuple(import_string(path) for path in context_processors)
  File "C:\Users\Ayush\AppData\Local\Programs\Python\Python313\Lib\site-packages\django\template\engine.py", line 118, in <genexpr>
    return tuple(import_string(path) for path in context_processors)
                 ~~~~~~~~~~~~~^^^^^^
  File "C:\Users\Ayush\AppData\Local\Programs\Python\Python313\Lib\site-packages\django\utils\module_loading.py", line 30, in import_string
    return cached_import(module_path, class_name)
  File "C:\Users\Ayush\AppData\Local\Programs\Python\Python313\Lib\site-packages\django\utils\module_loading.py", line 15, in cached_import
    module = import_module(module_path)
  File "C:\Users\Ayush\AppData\Local\Programs\Python\Python313\Lib\importlib\__init__.py", line 88, in import_module
    return _bootstrap._gcd_import(name[level:], package, level)
           ~~~~~~~~~~~~~~~~~~~~~~^^^^^^^^^^^^^^^^^^^^^^^^^^^^^^
  File "<frozen importlib._bootstrap>", line 1387, in _gcd_import
  File "<frozen importlib._bootstrap>", line 1360, in _find_and_load
  File "<frozen importlib._bootstrap>", line 1324, in _find_and_load_unlocked
ModuleNotFoundError: No module named 'consultaion_webapp.context_processors'
[2025-07-01 12:56:53,727] ERROR django.server "GET / HTTP/1.1" 500 133275
[2025-07-01 12:56:54,237] WARNING django.request Not Found: /favicon.ico
[2025-07-01 12:56:54,238] WARNING django.server "GET /favicon.ico HTTP/1.1" 404 2858
[2025-07-01 12:57:06,865] INFO django.utils.autoreload C:\Users\Ayush\OneDrive - Crystal Hues Ltd\Desktop\consultaion_webapp\consultaion_webapp\settings\base.py changed, reloading.
[2025-07-01 12:57:08,650] INFO django.utils.autoreload Watching for file changes with StatReloader
[2025-07-01 12:57:11,423] ERROR django.request Internal Server Error: /
Traceback (most recent call last):
  File "C:\Users\Ayush\AppData\Local\Programs\Python\Python313\Lib\site-packages\django\core\handlers\exception.py", line 55, in inner
    response = get_response(request)
  File "C:\Users\Ayush\AppData\Local\Programs\Python\Python313\Lib\site-packages\django\core\handlers\base.py", line 197, in _get_response
    response = wrapped_callback(request, *callback_args, **callback_kwargs)
  File "C:\Users\Ayush\OneDrive - Crystal Hues Ltd\Desktop\consultaion_webapp\consultaion_webapp\views.py", line 8, in landing_page
    return render(request, 'landingpage.html')
  File "C:\Users\Ayush\AppData\Local\Programs\Python\Python313\Lib\site-packages\django\shortcuts.py", line 25, in render
    content = loader.render_to_string(template_name, context, request, using=using)
  File "C:\Users\Ayush\AppData\Local\Programs\Python\Python313\Lib\site-packages\django\template\loader.py", line 62, in render_to_string
    return template.render(context, request)
           ~~~~~~~~~~~~~~~^^^^^^^^^^^^^^^^^^
  File "C:\Users\Ayush\AppData\Local\Programs\Python\Python313\Lib\site-packages\django\template\backends\django.py", line 61, in render
    return self.template.render(context)
           ~~~~~~~~~~~~~~~~~~~~^^^^^^^^^
  File "C:\Users\Ayush\AppData\Local\Programs\Python\Python313\Lib\site-packages\django\template\base.py", line 169, in render
    with context.bind_template(self):
         ~~~~~~~~~~~~~~~~~~~~~^^^^^^
  File "C:\Users\Ayush\AppData\Local\Programs\Python\Python313\Lib\contextlib.py", line 141, in __enter__
    return next(self.gen)
  File "C:\Users\Ayush\AppData\Local\Programs\Python\Python313\Lib\site-packages\django\template\context.py", line 251, in bind_template
    processors = template.engine.template_context_processors + self._processors
                 ^^^^^^^^^^^^^^^^^^^^^^^^^^^^^^^^^^^^^^^^^^^
  File "C:\Users\Ayush\AppData\Local\Programs\Python\Python313\Lib\site-packages\django\utils\functional.py", line 47, in __get__
    res = instance.__dict__[self.name] = self.func(instance)
                                         ~~~~~~~~~^^^^^^^^^^
  File "C:\Users\Ayush\AppData\Local\Programs\Python\Python313\Lib\site-packages\django\template\engine.py", line 118, in template_context_processors
    return tuple(import_string(path) for path in context_processors)
  File "C:\Users\Ayush\AppData\Local\Programs\Python\Python313\Lib\site-packages\django\template\engine.py", line 118, in <genexpr>
    return tuple(import_string(path) for path in context_processors)
                 ~~~~~~~~~~~~~^^^^^^
  File "C:\Users\Ayush\AppData\Local\Programs\Python\Python313\Lib\site-packages\django\utils\module_loading.py", line 30, in import_string
    return cached_import(module_path, class_name)
  File "C:\Users\Ayush\AppData\Local\Programs\Python\Python313\Lib\site-packages\django\utils\module_loading.py", line 15, in cached_import
    module = import_module(module_path)
  File "C:\Users\Ayush\AppData\Local\Programs\Python\Python313\Lib\importlib\__init__.py", line 88, in import_module
    return _bootstrap._gcd_import(name[level:], package, level)
           ~~~~~~~~~~~~~~~~~~~~~~^^^^^^^^^^^^^^^^^^^^^^^^^^^^^^
  File "<frozen importlib._bootstrap>", line 1387, in _gcd_import
  File "<frozen importlib._bootstrap>", line 1360, in _find_and_load
  File "<frozen importlib._bootstrap>", line 1324, in _find_and_load_unlocked
ModuleNotFoundError: No module named 'context_processors'
[2025-07-01 12:57:11,438] ERROR django.server "GET / HTTP/1.1" 500 131924
[2025-07-01 12:57:11,830] WARNING django.request Not Found: /favicon.ico
[2025-07-01 12:57:11,831] WARNING django.server "GET /favicon.ico HTTP/1.1" 404 2858
[2025-07-01 12:57:23,290] INFO django.utils.autoreload C:\Users\Ayush\OneDrive - Crystal Hues Ltd\Desktop\consultaion_webapp\consultaion_webapp\settings\base.py changed, reloading.
[2025-07-01 12:57:25,237] INFO django.utils.autoreload Watching for file changes with StatReloader
[2025-07-01 12:57:55,175] ERROR django.request Internal Server Error: /
Traceback (most recent call last):
  File "C:\Users\Ayush\AppData\Local\Programs\Python\Python313\Lib\site-packages\django\core\handlers\exception.py", line 55, in inner
    response = get_response(request)
  File "C:\Users\Ayush\AppData\Local\Programs\Python\Python313\Lib\site-packages\django\core\handlers\base.py", line 197, in _get_response
    response = wrapped_callback(request, *callback_args, **callback_kwargs)
  File "C:\Users\Ayush\OneDrive - Crystal Hues Ltd\Desktop\consultaion_webapp\consultaion_webapp\views.py", line 8, in landing_page
    return render(request, 'landingpage.html')
  File "C:\Users\Ayush\AppData\Local\Programs\Python\Python313\Lib\site-packages\django\shortcuts.py", line 25, in render
    content = loader.render_to_string(template_name, context, request, using=using)
  File "C:\Users\Ayush\AppData\Local\Programs\Python\Python313\Lib\site-packages\django\template\loader.py", line 62, in render_to_string
    return template.render(context, request)
           ~~~~~~~~~~~~~~~^^^^^^^^^^^^^^^^^^
  File "C:\Users\Ayush\AppData\Local\Programs\Python\Python313\Lib\site-packages\django\template\backends\django.py", line 61, in render
    return self.template.render(context)
           ~~~~~~~~~~~~~~~~~~~~^^^^^^^^^
  File "C:\Users\Ayush\AppData\Local\Programs\Python\Python313\Lib\site-packages\django\template\base.py", line 169, in render
    with context.bind_template(self):
         ~~~~~~~~~~~~~~~~~~~~~^^^^^^
  File "C:\Users\Ayush\AppData\Local\Programs\Python\Python313\Lib\contextlib.py", line 141, in __enter__
    return next(self.gen)
  File "C:\Users\Ayush\AppData\Local\Programs\Python\Python313\Lib\site-packages\django\template\context.py", line 251, in bind_template
    processors = template.engine.template_context_processors + self._processors
                 ^^^^^^^^^^^^^^^^^^^^^^^^^^^^^^^^^^^^^^^^^^^
  File "C:\Users\Ayush\AppData\Local\Programs\Python\Python313\Lib\site-packages\django\utils\functional.py", line 47, in __get__
    res = instance.__dict__[self.name] = self.func(instance)
                                         ~~~~~~~~~^^^^^^^^^^
  File "C:\Users\Ayush\AppData\Local\Programs\Python\Python313\Lib\site-packages\django\template\engine.py", line 118, in template_context_processors
    return tuple(import_string(path) for path in context_processors)
  File "C:\Users\Ayush\AppData\Local\Programs\Python\Python313\Lib\site-packages\django\template\engine.py", line 118, in <genexpr>
    return tuple(import_string(path) for path in context_processors)
                 ~~~~~~~~~~~~~^^^^^^
  File "C:\Users\Ayush\AppData\Local\Programs\Python\Python313\Lib\site-packages\django\utils\module_loading.py", line 30, in import_string
    return cached_import(module_path, class_name)
  File "C:\Users\Ayush\AppData\Local\Programs\Python\Python313\Lib\site-packages\django\utils\module_loading.py", line 15, in cached_import
    module = import_module(module_path)
  File "C:\Users\Ayush\AppData\Local\Programs\Python\Python313\Lib\importlib\__init__.py", line 88, in import_module
    return _bootstrap._gcd_import(name[level:], package, level)
           ~~~~~~~~~~~~~~~~~~~~~~^^^^^^^^^^^^^^^^^^^^^^^^^^^^^^
  File "<frozen importlib._bootstrap>", line 1387, in _gcd_import
  File "<frozen importlib._bootstrap>", line 1360, in _find_and_load
  File "<frozen importlib._bootstrap>", line 1324, in _find_and_load_unlocked
ModuleNotFoundError: No module named 'consultaion_webapp.context_processors'
[2025-07-01 12:57:55,185] ERROR django.server "GET / HTTP/1.1" 500 133147
[2025-07-01 12:58:10,442] INFO django.utils.autoreload C:\Users\Ayush\OneDrive - Crystal Hues Ltd\Desktop\consultaion_webapp\consultaion_webapp\settings\base.py changed, reloading.
[2025-07-01 12:58:12,003] INFO django.utils.autoreload Watching for file changes with StatReloader
[2025-07-01 12:58:14,963] ERROR django.request Internal Server Error: /
Traceback (most recent call last):
  File "C:\Users\Ayush\AppData\Local\Programs\Python\Python313\Lib\site-packages\django\core\handlers\exception.py", line 55, in inner
    response = get_response(request)
  File "C:\Users\Ayush\AppData\Local\Programs\Python\Python313\Lib\site-packages\django\core\handlers\base.py", line 197, in _get_response
    response = wrapped_callback(request, *callback_args, **callback_kwargs)
  File "C:\Users\Ayush\OneDrive - Crystal Hues Ltd\Desktop\consultaion_webapp\consultaion_webapp\views.py", line 8, in landing_page
    return render(request, 'landingpage.html')
  File "C:\Users\Ayush\AppData\Local\Programs\Python\Python313\Lib\site-packages\django\shortcuts.py", line 25, in render
    content = loader.render_to_string(template_name, context, request, using=using)
  File "C:\Users\Ayush\AppData\Local\Programs\Python\Python313\Lib\site-packages\django\template\loader.py", line 62, in render_to_string
    return template.render(context, request)
           ~~~~~~~~~~~~~~~^^^^^^^^^^^^^^^^^^
  File "C:\Users\Ayush\AppData\Local\Programs\Python\Python313\Lib\site-packages\django\template\backends\django.py", line 61, in render
    return self.template.render(context)
           ~~~~~~~~~~~~~~~~~~~~^^^^^^^^^
  File "C:\Users\Ayush\AppData\Local\Programs\Python\Python313\Lib\site-packages\django\template\base.py", line 169, in render
    with context.bind_template(self):
         ~~~~~~~~~~~~~~~~~~~~~^^^^^^
  File "C:\Users\Ayush\AppData\Local\Programs\Python\Python313\Lib\contextlib.py", line 141, in __enter__
    return next(self.gen)
  File "C:\Users\Ayush\AppData\Local\Programs\Python\Python313\Lib\site-packages\django\template\context.py", line 251, in bind_template
    processors = template.engine.template_context_processors + self._processors
                 ^^^^^^^^^^^^^^^^^^^^^^^^^^^^^^^^^^^^^^^^^^^
  File "C:\Users\Ayush\AppData\Local\Programs\Python\Python313\Lib\site-packages\django\utils\functional.py", line 47, in __get__
    res = instance.__dict__[self.name] = self.func(instance)
                                         ~~~~~~~~~^^^^^^^^^^
  File "C:\Users\Ayush\AppData\Local\Programs\Python\Python313\Lib\site-packages\django\template\engine.py", line 118, in template_context_processors
    return tuple(import_string(path) for path in context_processors)
  File "C:\Users\Ayush\AppData\Local\Programs\Python\Python313\Lib\site-packages\django\template\engine.py", line 118, in <genexpr>
    return tuple(import_string(path) for path in context_processors)
                 ~~~~~~~~~~~~~^^^^^^
  File "C:\Users\Ayush\AppData\Local\Programs\Python\Python313\Lib\site-packages\django\utils\module_loading.py", line 30, in import_string
    return cached_import(module_path, class_name)
  File "C:\Users\Ayush\AppData\Local\Programs\Python\Python313\Lib\site-packages\django\utils\module_loading.py", line 15, in cached_import
    module = import_module(module_path)
  File "C:\Users\Ayush\AppData\Local\Programs\Python\Python313\Lib\importlib\__init__.py", line 88, in import_module
    return _bootstrap._gcd_import(name[level:], package, level)
           ~~~~~~~~~~~~~~~~~~~~~~^^^^^^^^^^^^^^^^^^^^^^^^^^^^^^
  File "<frozen importlib._bootstrap>", line 1387, in _gcd_import
  File "<frozen importlib._bootstrap>", line 1360, in _find_and_load
  File "<frozen importlib._bootstrap>", line 1324, in _find_and_load_unlocked
ModuleNotFoundError: No module named 'consultaion_webapp.context_processors'
[2025-07-01 12:58:14,973] ERROR django.server "GET / HTTP/1.1" 500 133147
[2025-07-01 12:58:16,472] ERROR django.request Internal Server Error: /
Traceback (most recent call last):
  File "C:\Users\Ayush\AppData\Local\Programs\Python\Python313\Lib\site-packages\django\core\handlers\exception.py", line 55, in inner
    response = get_response(request)
  File "C:\Users\Ayush\AppData\Local\Programs\Python\Python313\Lib\site-packages\django\core\handlers\base.py", line 197, in _get_response
    response = wrapped_callback(request, *callback_args, **callback_kwargs)
  File "C:\Users\Ayush\OneDrive - Crystal Hues Ltd\Desktop\consultaion_webapp\consultaion_webapp\views.py", line 8, in landing_page
    return render(request, 'landingpage.html')
  File "C:\Users\Ayush\AppData\Local\Programs\Python\Python313\Lib\site-packages\django\shortcuts.py", line 25, in render
    content = loader.render_to_string(template_name, context, request, using=using)
  File "C:\Users\Ayush\AppData\Local\Programs\Python\Python313\Lib\site-packages\django\template\loader.py", line 62, in render_to_string
    return template.render(context, request)
           ~~~~~~~~~~~~~~~^^^^^^^^^^^^^^^^^^
  File "C:\Users\Ayush\AppData\Local\Programs\Python\Python313\Lib\site-packages\django\template\backends\django.py", line 61, in render
    return self.template.render(context)
           ~~~~~~~~~~~~~~~~~~~~^^^^^^^^^
  File "C:\Users\Ayush\AppData\Local\Programs\Python\Python313\Lib\site-packages\django\template\base.py", line 169, in render
    with context.bind_template(self):
         ~~~~~~~~~~~~~~~~~~~~~^^^^^^
  File "C:\Users\Ayush\AppData\Local\Programs\Python\Python313\Lib\contextlib.py", line 141, in __enter__
    return next(self.gen)
  File "C:\Users\Ayush\AppData\Local\Programs\Python\Python313\Lib\site-packages\django\template\context.py", line 251, in bind_template
    processors = template.engine.template_context_processors + self._processors
                 ^^^^^^^^^^^^^^^^^^^^^^^^^^^^^^^^^^^^^^^^^^^
  File "C:\Users\Ayush\AppData\Local\Programs\Python\Python313\Lib\site-packages\django\utils\functional.py", line 47, in __get__
    res = instance.__dict__[self.name] = self.func(instance)
                                         ~~~~~~~~~^^^^^^^^^^
  File "C:\Users\Ayush\AppData\Local\Programs\Python\Python313\Lib\site-packages\django\template\engine.py", line 118, in template_context_processors
    return tuple(import_string(path) for path in context_processors)
  File "C:\Users\Ayush\AppData\Local\Programs\Python\Python313\Lib\site-packages\django\template\engine.py", line 118, in <genexpr>
    return tuple(import_string(path) for path in context_processors)
                 ~~~~~~~~~~~~~^^^^^^
  File "C:\Users\Ayush\AppData\Local\Programs\Python\Python313\Lib\site-packages\django\utils\module_loading.py", line 30, in import_string
    return cached_import(module_path, class_name)
  File "C:\Users\Ayush\AppData\Local\Programs\Python\Python313\Lib\site-packages\django\utils\module_loading.py", line 15, in cached_import
    module = import_module(module_path)
  File "C:\Users\Ayush\AppData\Local\Programs\Python\Python313\Lib\importlib\__init__.py", line 88, in import_module
    return _bootstrap._gcd_import(name[level:], package, level)
           ~~~~~~~~~~~~~~~~~~~~~~^^^^^^^^^^^^^^^^^^^^^^^^^^^^^^
  File "<frozen importlib._bootstrap>", line 1387, in _gcd_import
  File "<frozen importlib._bootstrap>", line 1360, in _find_and_load
  File "<frozen importlib._bootstrap>", line 1324, in _find_and_load_unlocked
ModuleNotFoundError: No module named 'consultaion_webapp.context_processors'
[2025-07-01 12:58:16,475] ERROR django.server "GET / HTTP/1.1" 500 133275
[2025-07-01 12:58:16,897] WARNING django.request Not Found: /favicon.ico
[2025-07-01 12:58:16,898] WARNING django.server "GET /favicon.ico HTTP/1.1" 404 2858
[2025-07-01 13:00:04,360] INFO django.server "GET / HTTP/1.1" 200 38187
[2025-07-01 13:00:04,436] WARNING django.server "GET /static/logo/logo.png HTTP/1.1" 404 1798
[2025-07-01 13:00:11,186] WARNING django.request Not Found: /.well-known/appspecific/com.chrome.devtools.json
[2025-07-01 13:00:11,188] WARNING django.server "GET /.well-known/appspecific/com.chrome.devtools.json HTTP/1.1" 404 2969
[2025-07-01 13:01:55,748] INFO django.utils.autoreload C:\Users\Ayush\OneDrive - Crystal Hues Ltd\Desktop\consultaion_webapp\consultaion_webapp\middleware.py changed, reloading.
[2025-07-01 13:01:58,223] INFO django.utils.autoreload Watching for file changes with StatReloader
[2025-07-01 13:02:12,398] INFO django.server "GET / HTTP/1.1" 200 38187
[2025-07-01 13:02:12,475] WARNING django.request Not Found: /.well-known/appspecific/com.chrome.devtools.json
[2025-07-01 13:02:12,477] WARNING django.server "GET /.well-known/appspecific/com.chrome.devtools.json HTTP/1.1" 404 2969
[2025-07-01 13:02:12,487] WARNING django.server "GET /static/logo/logo.png HTTP/1.1" 404 1798
[2025-07-01 13:04:28,212] INFO django.server "GET / HTTP/1.1" 200 38187
[2025-07-01 13:04:28,247] WARNING django.request Not Found: /.well-known/appspecific/com.chrome.devtools.json
[2025-07-01 13:04:28,248] WARNING django.server "GET /.well-known/appspecific/com.chrome.devtools.json HTTP/1.1" 404 2969
[2025-07-01 13:04:28,262] WARNING django.server "GET /static/logo/logo.png HTTP/1.1" 404 1798
[2025-07-01 13:04:29,528] WARNING django.request Not Found: /favicon.ico
[2025-07-01 13:04:29,529] WARNING django.server "GET /favicon.ico HTTP/1.1" 404 2858
[2025-07-01 13:05:20,617] INFO django.server "GET / HTTP/1.1" 200 38187
[2025-07-01 13:05:20,675] WARNING django.request Not Found: /.well-known/appspecific/com.chrome.devtools.json
[2025-07-01 13:05:20,676] WARNING django.server "GET /.well-known/appspecific/com.chrome.devtools.json HTTP/1.1" 404 2969
[2025-07-01 13:05:20,691] WARNING django.server "GET /static/logo/logo.png HTTP/1.1" 404 1798
[2025-07-01 13:05:31,774] INFO django.server "POST /auth/login/ HTTP/1.1" 302 0
[2025-07-01 13:05:31,915] INFO django.server "GET /auth/admin_dashboard/ HTTP/1.1" 200 20860
[2025-07-01 13:05:31,992] WARNING django.request Not Found: /.well-known/appspecific/com.chrome.devtools.json
[2025-07-01 13:05:31,993] WARNING django.server "GET /.well-known/appspecific/com.chrome.devtools.json HTTP/1.1" 404 2969
[2025-07-01 13:05:32,091] INFO django.server "GET /media/logo/logo.png HTTP/1.1" 200 0
[2025-07-01 13:05:38,680] INFO django.server "GET /auth/admin_dashboard/ HTTP/1.1" 200 20860
[2025-07-01 13:05:38,719] WARNING django.request Not Found: /.well-known/appspecific/com.chrome.devtools.json
[2025-07-01 13:05:38,720] WARNING django.server "GET /.well-known/appspecific/com.chrome.devtools.json HTTP/1.1" 404 2969
[2025-07-01 13:05:39,939] INFO django.server "GET /auth/admin_dashboard/ HTTP/1.1" 200 20860
[2025-07-01 13:05:39,978] WARNING django.request Not Found: /.well-known/appspecific/com.chrome.devtools.json
[2025-07-01 13:05:39,980] WARNING django.server "GET /.well-known/appspecific/com.chrome.devtools.json HTTP/1.1" 404 2969
[2025-07-01 13:05:39,994] INFO django.server "GET /media/logo/logo.png HTTP/1.1" 200 0
[2025-07-01 13:05:39,995] INFO django.server "GET /static/custom_admin/css/branding.css HTTP/1.1" 200 99
[2025-07-01 13:05:40,150] INFO django.server "GET /static/custom_admin/js/branding.js HTTP/1.1" 200 104
[2025-07-01 13:05:40,877] WARNING django.request Not Found: /favicon.ico
[2025-07-01 13:05:40,878] WARNING django.server "GET /favicon.ico HTTP/1.1" 404 2858
[2025-07-01 13:06:43,149] INFO django.server "GET / HTTP/1.1" 200 38186
[2025-07-01 13:06:43,362] INFO django.server "GET /media/logo/logo.png HTTP/1.1" 304 0
[2025-07-01 13:06:44,243] WARNING django.request Not Found: /favicon.ico
[2025-07-01 13:06:44,244] WARNING django.server "GET /favicon.ico HTTP/1.1" 404 2858
[2025-07-01 13:06:48,190] WARNING django.request Not Found: /.well-known/appspecific/com.chrome.devtools.json
[2025-07-01 13:06:48,191] WARNING django.server "GET /.well-known/appspecific/com.chrome.devtools.json HTTP/1.1" 404 2969
[2025-07-01 13:13:54,361] INFO django.server "GET / HTTP/1.1" 200 38186
[2025-07-01 13:13:54,423] INFO django.server "GET /media/logo/logo.png HTTP/1.1" 200 0
[2025-07-01 13:13:54,428] WARNING django.request Not Found: /.well-known/appspecific/com.chrome.devtools.json
[2025-07-01 13:13:54,429] WARNING django.server "GET /.well-known/appspecific/com.chrome.devtools.json HTTP/1.1" 404 2969
[2025-07-01 13:13:55,547] WARNING django.request Not Found: /favicon.ico
[2025-07-01 13:13:55,547] WARNING django.server "GET /favicon.ico HTTP/1.1" 404 2858
[2025-07-01 13:14:00,353] INFO django.server "GET / HTTP/1.1" 200 38186
[2025-07-01 13:14:00,398] INFO django.server "GET /media/logo/logo.png HTTP/1.1" 200 0
[2025-07-01 13:14:01,161] WARNING django.request Not Found: /favicon.ico
[2025-07-01 13:14:01,162] WARNING django.server "GET /favicon.ico HTTP/1.1" 404 2858
[2025-07-01 13:14:07,768] INFO django.server "GET / HTTP/1.1" 200 38186
[2025-07-01 13:14:08,875] WARNING django.request Not Found: /favicon.ico
[2025-07-01 13:14:08,876] WARNING django.server "GET /favicon.ico HTTP/1.1" 404 2858
[2025-07-01 13:14:12,301] WARNING django.request Not Found: /.well-known/appspecific/com.chrome.devtools.json
[2025-07-01 13:14:12,302] WARNING django.server "GET /.well-known/appspecific/com.chrome.devtools.json HTTP/1.1" 404 2969
[2025-07-01 13:15:34,033] INFO django.utils.autoreload C:\Users\Ayush\OneDrive - Crystal Hues Ltd\Desktop\consultaion_webapp\consultaion_webapp\middleware.py changed, reloading.
[2025-07-01 13:15:35,674] INFO django.utils.autoreload Watching for file changes with StatReloader
[2025-07-01 13:15:49,800] INFO django.server "GET / HTTP/1.1" 200 38186
[2025-07-01 13:15:49,873] WARNING django.request Not Found: /.well-known/appspecific/com.chrome.devtools.json
[2025-07-01 13:15:49,875] WARNING django.server "GET /.well-known/appspecific/com.chrome.devtools.json HTTP/1.1" 404 2969
[2025-07-01 13:15:49,938] INFO django.server "GET /media/logo/logo.png HTTP/1.1" 200 0
[2025-07-01 13:15:51,135] WARNING django.request Not Found: /favicon.ico
[2025-07-01 13:15:51,136] WARNING django.server "GET /favicon.ico HTTP/1.1" 404 2858
[2025-07-01 13:16:05,933] INFO django.server "GET / HTTP/1.1" 200 38186
[2025-07-01 13:16:07,006] WARNING django.request Not Found: /favicon.ico
[2025-07-01 13:16:07,007] WARNING django.server "GET /favicon.ico HTTP/1.1" 404 2858
[2025-07-01 13:16:08,075] INFO django.server "GET / HTTP/1.1" 200 38186
[2025-07-01 13:16:08,120] INFO django.server "GET /media/logo/logo.png HTTP/1.1" 200 0
[2025-07-01 13:16:08,994] WARNING django.request Not Found: /favicon.ico
[2025-07-01 13:16:08,995] WARNING django.server "GET /favicon.ico HTTP/1.1" 404 2858
[2025-07-01 13:16:10,286] WARNING django.request Not Found: /.well-known/appspecific/com.chrome.devtools.json
[2025-07-01 13:16:10,287] WARNING django.server "GET /.well-known/appspecific/com.chrome.devtools.json HTTP/1.1" 404 2969
[2025-07-01 13:17:26,869] INFO django.utils.autoreload C:\Users\Ayush\OneDrive - Crystal Hues Ltd\Desktop\consultaion_webapp\consultaion_webapp\middleware.py changed, reloading.
[2025-07-01 13:17:28,460] INFO django.utils.autoreload Watching for file changes with StatReloader
[2025-07-01 13:17:35,139] INFO django.server "GET / HTTP/1.1" 200 38186
[2025-07-01 13:17:35,219] WARNING django.request Not Found: /.well-known/appspecific/com.chrome.devtools.json
[2025-07-01 13:17:35,220] WARNING django.server "GET /.well-known/appspecific/com.chrome.devtools.json HTTP/1.1" 404 2969
[2025-07-01 13:17:35,252] INFO django.server "GET /media/logo/logo.png HTTP/1.1" 200 0
[2025-07-01 13:17:36,635] WARNING django.request Not Found: /favicon.ico
[2025-07-01 13:17:36,636] WARNING django.server "GET /favicon.ico HTTP/1.1" 404 2858
[2025-07-01 13:17:44,271] INFO django.server "GET / HTTP/1.1" 200 38186
[2025-07-01 13:17:45,485] WARNING django.request Not Found: /favicon.ico
[2025-07-01 13:17:45,486] WARNING django.server "GET /favicon.ico HTTP/1.1" 404 2858
[2025-07-01 13:17:48,061] WARNING django.request Not Found: /.well-known/appspecific/com.chrome.devtools.json
[2025-07-01 13:17:48,062] WARNING django.server "GET /.well-known/appspecific/com.chrome.devtools.json HTTP/1.1" 404 2969
[2025-07-01 13:20:14,524] INFO django.server "GET / HTTP/1.1" 200 38186
[2025-07-01 13:20:14,571] INFO django.server "GET /media/logo/logo.png HTTP/1.1" 200 0
[2025-07-01 13:20:15,746] WARNING django.request Not Found: /favicon.ico
[2025-07-01 13:20:15,747] WARNING django.server "GET /favicon.ico HTTP/1.1" 404 2858
[2025-07-01 13:20:17,004] WARNING django.request Not Found: /.well-known/appspecific/com.chrome.devtools.json
[2025-07-01 13:20:17,005] WARNING django.server "GET /.well-known/appspecific/com.chrome.devtools.json HTTP/1.1" 404 2969
[2025-07-01 13:20:30,917] INFO django.server "GET / HTTP/1.1" 200 38186
[2025-07-01 13:20:30,995] INFO django.server "GET /media/logo/logo.png HTTP/1.1" 200 0
[2025-07-01 13:20:30,997] WARNING django.request Not Found: /.well-known/appspecific/com.chrome.devtools.json
[2025-07-01 13:20:31,002] WARNING django.server "GET /.well-known/appspecific/com.chrome.devtools.json HTTP/1.1" 404 2969
[2025-07-01 13:20:32,060] WARNING django.request Not Found: /favicon.ico
[2025-07-01 13:20:32,061] WARNING django.server "GET /favicon.ico HTTP/1.1" 404 2858
[2025-07-01 13:20:34,395] INFO django.server "GET / HTTP/1.1" 200 38186
[2025-07-01 13:20:34,458] WARNING django.request Not Found: /.well-known/appspecific/com.chrome.devtools.json
[2025-07-01 13:20:34,459] WARNING django.server "GET /.well-known/appspecific/com.chrome.devtools.json HTTP/1.1" 404 2969
[2025-07-01 13:20:34,473] INFO django.server "GET /media/logo/logo.png HTTP/1.1" 200 0
[2025-07-01 13:20:35,255] WARNING django.request Not Found: /favicon.ico
[2025-07-01 13:20:35,255] WARNING django.server "GET /favicon.ico HTTP/1.1" 404 2858
[2025-07-01 13:20:44,259] INFO django.server "GET / HTTP/1.1" 200 38186
[2025-07-01 13:20:44,304] WARNING django.request Not Found: /.well-known/appspecific/com.chrome.devtools.json
[2025-07-01 13:20:44,305] WARNING django.server "GET /.well-known/appspecific/com.chrome.devtools.json HTTP/1.1" 404 2969
[2025-07-01 13:20:44,321] INFO django.server "GET /media/logo/logo.png HTTP/1.1" 200 0
[2025-07-01 13:20:45,104] WARNING django.request Not Found: /favicon.ico
[2025-07-01 13:20:45,105] WARNING django.server "GET /favicon.ico HTTP/1.1" 404 2858
[2025-07-01 13:20:46,484] INFO django.server "GET / HTTP/1.1" 200 38186
[2025-07-01 13:20:46,517] WARNING django.request Not Found: /.well-known/appspecific/com.chrome.devtools.json
[2025-07-01 13:20:46,519] WARNING django.server "GET /.well-known/appspecific/com.chrome.devtools.json HTTP/1.1" 404 2969
[2025-07-01 13:20:46,535] INFO django.server "GET /media/logo/logo.png HTTP/1.1" 200 0
[2025-07-01 13:20:47,315] WARNING django.request Not Found: /favicon.ico
[2025-07-01 13:20:47,316] WARNING django.server "GET /favicon.ico HTTP/1.1" 404 2858
[2025-07-01 13:20:52,268] INFO django.server "GET / HTTP/1.1" 200 38186
[2025-07-01 13:20:52,306] WARNING django.request Not Found: /.well-known/appspecific/com.chrome.devtools.json
[2025-07-01 13:20:52,308] WARNING django.server "GET /.well-known/appspecific/com.chrome.devtools.json HTTP/1.1" 404 2969
[2025-07-01 13:20:52,332] INFO django.server "GET /media/logo/logo.png HTTP/1.1" 200 0
[2025-07-01 13:20:53,341] WARNING django.request Not Found: /favicon.ico
[2025-07-01 13:20:53,342] WARNING django.server "GET /favicon.ico HTTP/1.1" 404 2858
[2025-07-01 13:20:58,101] INFO django.server "GET / HTTP/1.1" 200 38186
[2025-07-01 13:20:58,142] WARNING django.request Not Found: /.well-known/appspecific/com.chrome.devtools.json
[2025-07-01 13:20:58,143] WARNING django.server "GET /.well-known/appspecific/com.chrome.devtools.json HTTP/1.1" 404 2969
[2025-07-01 13:20:58,162] INFO django.server "GET /media/logo/logo.png HTTP/1.1" 200 0
[2025-07-01 13:20:59,214] WARNING django.request Not Found: /favicon.ico
[2025-07-01 13:20:59,215] WARNING django.server "GET /favicon.ico HTTP/1.1" 404 2858
[2025-07-01 13:21:25,736] INFO django.server "GET / HTTP/1.1" 200 38190
[2025-07-01 13:21:25,782] WARNING django.request Not Found: /.well-known/appspecific/com.chrome.devtools.json
[2025-07-01 13:21:25,783] WARNING django.server "GET /.well-known/appspecific/com.chrome.devtools.json HTTP/1.1" 404 2969
[2025-07-01 13:21:25,800] INFO django.server "GET /media/logo/logo.png HTTP/1.1" 200 0
[2025-07-01 13:21:25,800] WARNING django.server "GET /static/css/tailwind.css HTTP/1.1" 404 1807
[2025-07-01 13:21:26,371] WARNING django.request Not Found: /favicon.ico
[2025-07-01 13:21:26,372] WARNING django.server "GET /favicon.ico HTTP/1.1" 404 2858
[2025-07-01 13:21:30,488] INFO django.server "GET / HTTP/1.1" 200 38190
[2025-07-01 13:21:30,529] WARNING django.request Not Found: /.well-known/appspecific/com.chrome.devtools.json
[2025-07-01 13:21:30,530] WARNING django.server "GET /.well-known/appspecific/com.chrome.devtools.json HTTP/1.1" 404 2969
[2025-07-01 13:21:30,547] WARNING django.server "GET /static/css/tailwind.css HTTP/1.1" 404 1807
[2025-07-01 13:21:30,547] INFO django.server "GET /media/logo/logo.png HTTP/1.1" 200 0
[2025-07-01 13:21:31,031] WARNING django.request Not Found: /favicon.ico
[2025-07-01 13:21:31,032] WARNING django.server "GET /favicon.ico HTTP/1.1" 404 2858
[2025-07-01 13:21:37,497] INFO django.server "GET / HTTP/1.1" 200 38190
[2025-07-01 13:21:37,540] WARNING django.server "GET /static/css/tailwind.css HTTP/1.1" 404 1807
[2025-07-01 13:21:37,540] INFO django.server "GET /media/logo/logo.png HTTP/1.1" 200 0
[2025-07-01 13:21:37,982] WARNING django.request Not Found: /favicon.ico
[2025-07-01 13:21:37,983] WARNING django.server "GET /favicon.ico HTTP/1.1" 404 2858
[2025-07-01 13:21:46,547] INFO django.server "GET / HTTP/1.1" 200 38190
[2025-07-01 13:21:46,589] WARNING django.server "GET /static/css/tailwind.css HTTP/1.1" 404 1807
[2025-07-01 13:21:46,593] INFO django.server "GET /media/logo/logo.png HTTP/1.1" 200 0
[2025-07-01 13:21:46,944] WARNING django.request Not Found: /favicon.ico
[2025-07-01 13:21:46,945] WARNING django.server "GET /favicon.ico HTTP/1.1" 404 2858
[2025-07-01 13:21:59,133] INFO django.server "GET / HTTP/1.1" 200 38190
[2025-07-01 13:21:59,180] WARNING django.server "GET /static/css/tailwind.css HTTP/1.1" 404 1807
[2025-07-01 13:21:59,189] INFO django.server "GET /media/logo/logo.png HTTP/1.1" 200 0
[2025-07-01 13:21:59,552] WARNING django.request Not Found: /favicon.ico
[2025-07-01 13:21:59,554] WARNING django.server "GET /favicon.ico HTTP/1.1" 404 2858
[2025-07-01 13:22:04,387] INFO django.server "GET / HTTP/1.1" 200 38190
[2025-07-01 13:22:04,533] WARNING django.server "GET /static/css/tailwind.css HTTP/1.1" 404 1807
[2025-07-01 13:22:05,264] WARNING django.request Not Found: /favicon.ico
[2025-07-01 13:22:05,265] WARNING django.server "GET /favicon.ico HTTP/1.1" 404 2858
[2025-07-01 13:22:21,714] WARNING django.server "GET /static/css/tailwind.css HTTP/1.1" 404 1807
[2025-07-01 13:22:21,733] WARNING django.request Not Found: /.well-known/appspecific/com.chrome.devtools.json
[2025-07-01 13:22:21,734] WARNING django.server "GET /.well-known/appspecific/com.chrome.devtools.json HTTP/1.1" 404 2969
[2025-07-01 13:23:00,994] ERROR django.request Internal Server Error: /
Traceback (most recent call last):
  File "C:\Users\Ayush\AppData\Local\Programs\Python\Python313\Lib\site-packages\django\template\base.py", line 502, in parse
    compile_func = self.tags[command]
                   ~~~~~~~~~^^^^^^^^^
KeyError: 'static'

During handling of the above exception, another exception occurred:

Traceback (most recent call last):
  File "C:\Users\Ayush\AppData\Local\Programs\Python\Python313\Lib\site-packages\django\core\handlers\exception.py", line 55, in inner
    response = get_response(request)
  File "C:\Users\Ayush\AppData\Local\Programs\Python\Python313\Lib\site-packages\django\core\handlers\base.py", line 197, in _get_response
    response = wrapped_callback(request, *callback_args, **callback_kwargs)
  File "C:\Users\Ayush\OneDrive - Crystal Hues Ltd\Desktop\consultaion_webapp\consultaion_webapp\views.py", line 8, in landing_page
    return render(request, 'landingpage.html')
  File "C:\Users\Ayush\AppData\Local\Programs\Python\Python313\Lib\site-packages\django\shortcuts.py", line 25, in render
    content = loader.render_to_string(template_name, context, request, using=using)
  File "C:\Users\Ayush\AppData\Local\Programs\Python\Python313\Lib\site-packages\django\template\loader.py", line 61, in render_to_string
    template = get_template(template_name, using=using)
  File "C:\Users\Ayush\AppData\Local\Programs\Python\Python313\Lib\site-packages\django\template\loader.py", line 15, in get_template
    return engine.get_template(template_name)
           ~~~~~~~~~~~~~~~~~~~^^^^^^^^^^^^^^^
  File "C:\Users\Ayush\AppData\Local\Programs\Python\Python313\Lib\site-packages\django\template\backends\django.py", line 33, in get_template
    return Template(self.engine.get_template(template_name), self)
                    ~~~~~~~~~~~~~~~~~~~~~~~~^^^^^^^^^^^^^^^
  File "C:\Users\Ayush\AppData\Local\Programs\Python\Python313\Lib\site-packages\django\template\engine.py", line 177, in get_template
    template, origin = self.find_template(template_name)
                       ~~~~~~~~~~~~~~~~~~^^^^^^^^^^^^^^^
  File "C:\Users\Ayush\AppData\Local\Programs\Python\Python313\Lib\site-packages\django\template\engine.py", line 159, in find_template
    template = loader.get_template(name, skip=skip)
  File "C:\Users\Ayush\AppData\Local\Programs\Python\Python313\Lib\site-packages\django\template\loaders\cached.py", line 57, in get_template
    template = super().get_template(template_name, skip)
  File "C:\Users\Ayush\AppData\Local\Programs\Python\Python313\Lib\site-packages\django\template\loaders\base.py", line 28, in get_template
    return Template(
        contents,
    ...<2 lines>...
        self.engine,
    )
  File "C:\Users\Ayush\AppData\Local\Programs\Python\Python313\Lib\site-packages\django\template\base.py", line 154, in __init__
    self.nodelist = self.compile_nodelist()
                    ~~~~~~~~~~~~~~~~~~~~~^^
  File "C:\Users\Ayush\AppData\Local\Programs\Python\Python313\Lib\site-packages\django\template\base.py", line 196, in compile_nodelist
    return parser.parse()
           ~~~~~~~~~~~~^^
  File "C:\Users\Ayush\AppData\Local\Programs\Python\Python313\Lib\site-packages\django\template\base.py", line 504, in parse
    self.invalid_block_tag(token, command, parse_until)
    ~~~~~~~~~~~~~~~~~~~~~~^^^^^^^^^^^^^^^^^^^^^^^^^^^^^
  File "C:\Users\Ayush\AppData\Local\Programs\Python\Python313\Lib\site-packages\django\template\base.py", line 565, in invalid_block_tag
    raise self.error(
    ...<3 lines>...
    )
django.template.exceptions.TemplateSyntaxError: Invalid block tag on line 8: 'static'. Did you forget to register or load this tag?
[2025-07-01 13:23:01,001] ERROR django.server "GET / HTTP/1.1" 500 155567
[2025-07-01 13:23:01,056] WARNING django.request Not Found: /.well-known/appspecific/com.chrome.devtools.json
[2025-07-01 13:23:01,057] WARNING django.server "GET /.well-known/appspecific/com.chrome.devtools.json HTTP/1.1" 404 2969
[2025-07-01 13:23:02,621] ERROR django.request Internal Server Error: /
Traceback (most recent call last):
  File "C:\Users\Ayush\AppData\Local\Programs\Python\Python313\Lib\site-packages\django\template\base.py", line 502, in parse
    compile_func = self.tags[command]
                   ~~~~~~~~~^^^^^^^^^
KeyError: 'static'

During handling of the above exception, another exception occurred:

Traceback (most recent call last):
  File "C:\Users\Ayush\AppData\Local\Programs\Python\Python313\Lib\site-packages\django\core\handlers\exception.py", line 55, in inner
    response = get_response(request)
  File "C:\Users\Ayush\AppData\Local\Programs\Python\Python313\Lib\site-packages\django\core\handlers\base.py", line 197, in _get_response
    response = wrapped_callback(request, *callback_args, **callback_kwargs)
  File "C:\Users\Ayush\OneDrive - Crystal Hues Ltd\Desktop\consultaion_webapp\consultaion_webapp\views.py", line 8, in landing_page
    return render(request, 'landingpage.html')
  File "C:\Users\Ayush\AppData\Local\Programs\Python\Python313\Lib\site-packages\django\shortcuts.py", line 25, in render
    content = loader.render_to_string(template_name, context, request, using=using)
  File "C:\Users\Ayush\AppData\Local\Programs\Python\Python313\Lib\site-packages\django\template\loader.py", line 61, in render_to_string
    template = get_template(template_name, using=using)
  File "C:\Users\Ayush\AppData\Local\Programs\Python\Python313\Lib\site-packages\django\template\loader.py", line 15, in get_template
    return engine.get_template(template_name)
           ~~~~~~~~~~~~~~~~~~~^^^^^^^^^^^^^^^
  File "C:\Users\Ayush\AppData\Local\Programs\Python\Python313\Lib\site-packages\django\template\backends\django.py", line 33, in get_template
    return Template(self.engine.get_template(template_name), self)
                    ~~~~~~~~~~~~~~~~~~~~~~~~^^^^^^^^^^^^^^^
  File "C:\Users\Ayush\AppData\Local\Programs\Python\Python313\Lib\site-packages\django\template\engine.py", line 177, in get_template
    template, origin = self.find_template(template_name)
                       ~~~~~~~~~~~~~~~~~~^^^^^^^^^^^^^^^
  File "C:\Users\Ayush\AppData\Local\Programs\Python\Python313\Lib\site-packages\django\template\engine.py", line 159, in find_template
    template = loader.get_template(name, skip=skip)
  File "C:\Users\Ayush\AppData\Local\Programs\Python\Python313\Lib\site-packages\django\template\loaders\cached.py", line 57, in get_template
    template = super().get_template(template_name, skip)
  File "C:\Users\Ayush\AppData\Local\Programs\Python\Python313\Lib\site-packages\django\template\loaders\base.py", line 28, in get_template
    return Template(
        contents,
    ...<2 lines>...
        self.engine,
    )
  File "C:\Users\Ayush\AppData\Local\Programs\Python\Python313\Lib\site-packages\django\template\base.py", line 154, in __init__
    self.nodelist = self.compile_nodelist()
                    ~~~~~~~~~~~~~~~~~~~~~^^
  File "C:\Users\Ayush\AppData\Local\Programs\Python\Python313\Lib\site-packages\django\template\base.py", line 196, in compile_nodelist
    return parser.parse()
           ~~~~~~~~~~~~^^
  File "C:\Users\Ayush\AppData\Local\Programs\Python\Python313\Lib\site-packages\django\template\base.py", line 504, in parse
    self.invalid_block_tag(token, command, parse_until)
    ~~~~~~~~~~~~~~~~~~~~~~^^^^^^^^^^^^^^^^^^^^^^^^^^^^^
  File "C:\Users\Ayush\AppData\Local\Programs\Python\Python313\Lib\site-packages\django\template\base.py", line 565, in invalid_block_tag
    raise self.error(
    ...<3 lines>...
    )
django.template.exceptions.TemplateSyntaxError: Invalid block tag on line 8: 'static'. Did you forget to register or load this tag?
[2025-07-01 13:23:02,624] ERROR django.server "GET / HTTP/1.1" 500 155695
[2025-07-01 13:23:02,681] WARNING django.request Not Found: /.well-known/appspecific/com.chrome.devtools.json
[2025-07-01 13:23:02,682] WARNING django.server "GET /.well-known/appspecific/com.chrome.devtools.json HTTP/1.1" 404 2969
[2025-07-01 13:23:03,506] WARNING django.request Not Found: /favicon.ico
[2025-07-01 13:23:03,506] WARNING django.server "GET /favicon.ico HTTP/1.1" 404 2858
[2025-07-01 13:23:17,755] INFO django.server "GET / HTTP/1.1" 200 38020
[2025-07-01 13:23:17,822] WARNING django.request Not Found: /.well-known/appspecific/com.chrome.devtools.json
[2025-07-01 13:23:17,824] WARNING django.server "GET /.well-known/appspecific/com.chrome.devtools.json HTTP/1.1" 404 2969
[2025-07-01 13:23:29,410] INFO django.server "GET / HTTP/1.1" 200 38131
[2025-07-01 13:23:29,496] WARNING django.request Not Found: /.well-known/appspecific/com.chrome.devtools.json
[2025-07-01 13:23:29,497] WARNING django.server "GET /.well-known/appspecific/com.chrome.devtools.json HTTP/1.1" 404 2969
[2025-07-01 13:23:29,524] INFO django.server "GET /media/logo/logo.png HTTP/1.1" 200 0
[2025-07-01 13:23:30,245] WARNING django.request Not Found: /favicon.ico
[2025-07-01 13:23:30,246] WARNING django.server "GET /favicon.ico HTTP/1.1" 404 2858
[2025-07-01 13:23:36,500] INFO django.server "GET / HTTP/1.1" 200 38190
[2025-07-01 13:23:36,556] WARNING django.request Not Found: /.well-known/appspecific/com.chrome.devtools.json
[2025-07-01 13:23:36,557] WARNING django.server "GET /.well-known/appspecific/com.chrome.devtools.json HTTP/1.1" 404 2969
[2025-07-01 13:23:36,741] WARNING django.server "GET /static/css/tailwind.css HTTP/1.1" 404 1807
[2025-07-01 13:23:36,746] INFO django.server "GET /media/logo/logo.png HTTP/1.1" 200 0
[2025-07-01 13:23:37,307] WARNING django.request Not Found: /favicon.ico
[2025-07-01 13:23:37,307] WARNING django.server "GET /favicon.ico HTTP/1.1" 404 2858
[2025-07-01 13:24:09,033] INFO django.server "GET / HTTP/1.1" 200 38190
[2025-07-01 13:24:09,086] WARNING django.request Not Found: /.well-known/appspecific/com.chrome.devtools.json
[2025-07-01 13:24:09,088] WARNING django.server "GET /.well-known/appspecific/com.chrome.devtools.json HTTP/1.1" 404 2969
[2025-07-01 13:24:09,095] WARNING django.server "GET /static/css/tailwind.css HTTP/1.1" 404 1807
[2025-07-01 13:24:09,110] INFO django.server "GET /media/logo/logo.png HTTP/1.1" 200 0
[2025-07-01 13:24:09,910] WARNING django.request Not Found: /favicon.ico
[2025-07-01 13:24:09,910] WARNING django.server "GET /favicon.ico HTTP/1.1" 404 2858
[2025-07-01 13:38:36,974] INFO django.utils.autoreload C:\Users\Ayush\AppData\Local\Programs\Python\Python313\DLLs\_ctypes.pyd changed, reloading.
[2025-07-01 13:38:39,752] INFO django.utils.autoreload Watching for file changes with StatReloader
[2025-07-01 13:41:18,145] INFO django.utils.autoreload C:\Users\Ayush\OneDrive - Crystal Hues Ltd\Desktop\consultaion_webapp\consultaion_webapp\views.py changed, reloading.
[2025-07-01 13:41:20,793] INFO django.utils.autoreload Watching for file changes with StatReloader
[2025-07-01 13:43:48,240] INFO django.utils.autoreload Watching for file changes with StatReloader
[2025-07-01 13:44:43,614] ERROR django.request Internal Server Error: /
Traceback (most recent call last):
  File "C:\Users\Ayush\AppData\Local\Programs\Python\Python313\Lib\site-packages\django\core\handlers\exception.py", line 55, in inner
    response = get_response(request)
  File "C:\Users\Ayush\AppData\Local\Programs\Python\Python313\Lib\site-packages\django\core\handlers\base.py", line 197, in _get_response
    response = wrapped_callback(request, *callback_args, **callback_kwargs)
  File "C:\Users\Ayush\OneDrive - Crystal Hues Ltd\Desktop\consultaion_webapp\consultaion_webapp\views.py", line 4, in landing_page
    return render(request, 'landingpage.html')
  File "C:\Users\Ayush\AppData\Local\Programs\Python\Python313\Lib\site-packages\django\shortcuts.py", line 25, in render
    content = loader.render_to_string(template_name, context, request, using=using)
  File "C:\Users\Ayush\AppData\Local\Programs\Python\Python313\Lib\site-packages\django\template\loader.py", line 62, in render_to_string
    return template.render(context, request)
           ~~~~~~~~~~~~~~~^^^^^^^^^^^^^^^^^^
  File "C:\Users\Ayush\AppData\Local\Programs\Python\Python313\Lib\site-packages\django\template\backends\django.py", line 61, in render
    return self.template.render(context)
           ~~~~~~~~~~~~~~~~~~~~^^^^^^^^^
  File "C:\Users\Ayush\AppData\Local\Programs\Python\Python313\Lib\site-packages\django\template\base.py", line 169, in render
    with context.bind_template(self):
         ~~~~~~~~~~~~~~~~~~~~~^^^^^^
  File "C:\Users\Ayush\AppData\Local\Programs\Python\Python313\Lib\contextlib.py", line 141, in __enter__
    return next(self.gen)
  File "C:\Users\Ayush\AppData\Local\Programs\Python\Python313\Lib\site-packages\django\template\context.py", line 251, in bind_template
    processors = template.engine.template_context_processors + self._processors
                 ^^^^^^^^^^^^^^^^^^^^^^^^^^^^^^^^^^^^^^^^^^^
  File "C:\Users\Ayush\AppData\Local\Programs\Python\Python313\Lib\site-packages\django\utils\functional.py", line 47, in __get__
    res = instance.__dict__[self.name] = self.func(instance)
                                         ~~~~~~~~~^^^^^^^^^^
  File "C:\Users\Ayush\AppData\Local\Programs\Python\Python313\Lib\site-packages\django\template\engine.py", line 118, in template_context_processors
    return tuple(import_string(path) for path in context_processors)
  File "C:\Users\Ayush\AppData\Local\Programs\Python\Python313\Lib\site-packages\django\template\engine.py", line 118, in <genexpr>
    return tuple(import_string(path) for path in context_processors)
                 ~~~~~~~~~~~~~^^^^^^
  File "C:\Users\Ayush\AppData\Local\Programs\Python\Python313\Lib\site-packages\django\utils\module_loading.py", line 30, in import_string
    return cached_import(module_path, class_name)
  File "C:\Users\Ayush\AppData\Local\Programs\Python\Python313\Lib\site-packages\django\utils\module_loading.py", line 15, in cached_import
    module = import_module(module_path)
  File "C:\Users\Ayush\AppData\Local\Programs\Python\Python313\Lib\importlib\__init__.py", line 88, in import_module
    return _bootstrap._gcd_import(name[level:], package, level)
           ~~~~~~~~~~~~~~~~~~~~~~^^^^^^^^^^^^^^^^^^^^^^^^^^^^^^
  File "<frozen importlib._bootstrap>", line 1387, in _gcd_import
  File "<frozen importlib._bootstrap>", line 1360, in _find_and_load
  File "<frozen importlib._bootstrap>", line 1324, in _find_and_load_unlocked
ModuleNotFoundError: No module named 'consultaion_webapp.context_processors'
[2025-07-01 13:44:43,635] ERROR django.server "GET / HTTP/1.1" 500 131317
[2025-07-01 13:44:44,488] WARNING django.request Not Found: /favicon.ico
[2025-07-01 13:44:44,489] WARNING django.server "GET /favicon.ico HTTP/1.1" 404 2858
[2025-07-01 13:44:46,124] ERROR django.request Internal Server Error: /
Traceback (most recent call last):
  File "C:\Users\Ayush\AppData\Local\Programs\Python\Python313\Lib\site-packages\django\core\handlers\exception.py", line 55, in inner
    response = get_response(request)
  File "C:\Users\Ayush\AppData\Local\Programs\Python\Python313\Lib\site-packages\django\core\handlers\base.py", line 197, in _get_response
    response = wrapped_callback(request, *callback_args, **callback_kwargs)
  File "C:\Users\Ayush\OneDrive - Crystal Hues Ltd\Desktop\consultaion_webapp\consultaion_webapp\views.py", line 4, in landing_page
    return render(request, 'landingpage.html')
  File "C:\Users\Ayush\AppData\Local\Programs\Python\Python313\Lib\site-packages\django\shortcuts.py", line 25, in render
    content = loader.render_to_string(template_name, context, request, using=using)
  File "C:\Users\Ayush\AppData\Local\Programs\Python\Python313\Lib\site-packages\django\template\loader.py", line 62, in render_to_string
    return template.render(context, request)
           ~~~~~~~~~~~~~~~^^^^^^^^^^^^^^^^^^
  File "C:\Users\Ayush\AppData\Local\Programs\Python\Python313\Lib\site-packages\django\template\backends\django.py", line 61, in render
    return self.template.render(context)
           ~~~~~~~~~~~~~~~~~~~~^^^^^^^^^
  File "C:\Users\Ayush\AppData\Local\Programs\Python\Python313\Lib\site-packages\django\template\base.py", line 169, in render
    with context.bind_template(self):
         ~~~~~~~~~~~~~~~~~~~~~^^^^^^
  File "C:\Users\Ayush\AppData\Local\Programs\Python\Python313\Lib\contextlib.py", line 141, in __enter__
    return next(self.gen)
  File "C:\Users\Ayush\AppData\Local\Programs\Python\Python313\Lib\site-packages\django\template\context.py", line 251, in bind_template
    processors = template.engine.template_context_processors + self._processors
                 ^^^^^^^^^^^^^^^^^^^^^^^^^^^^^^^^^^^^^^^^^^^
  File "C:\Users\Ayush\AppData\Local\Programs\Python\Python313\Lib\site-packages\django\utils\functional.py", line 47, in __get__
    res = instance.__dict__[self.name] = self.func(instance)
                                         ~~~~~~~~~^^^^^^^^^^
  File "C:\Users\Ayush\AppData\Local\Programs\Python\Python313\Lib\site-packages\django\template\engine.py", line 118, in template_context_processors
    return tuple(import_string(path) for path in context_processors)
  File "C:\Users\Ayush\AppData\Local\Programs\Python\Python313\Lib\site-packages\django\template\engine.py", line 118, in <genexpr>
    return tuple(import_string(path) for path in context_processors)
                 ~~~~~~~~~~~~~^^^^^^
  File "C:\Users\Ayush\AppData\Local\Programs\Python\Python313\Lib\site-packages\django\utils\module_loading.py", line 30, in import_string
    return cached_import(module_path, class_name)
  File "C:\Users\Ayush\AppData\Local\Programs\Python\Python313\Lib\site-packages\django\utils\module_loading.py", line 15, in cached_import
    module = import_module(module_path)
  File "C:\Users\Ayush\AppData\Local\Programs\Python\Python313\Lib\importlib\__init__.py", line 88, in import_module
    return _bootstrap._gcd_import(name[level:], package, level)
           ~~~~~~~~~~~~~~~~~~~~~~^^^^^^^^^^^^^^^^^^^^^^^^^^^^^^
  File "<frozen importlib._bootstrap>", line 1387, in _gcd_import
  File "<frozen importlib._bootstrap>", line 1360, in _find_and_load
  File "<frozen importlib._bootstrap>", line 1324, in _find_and_load_unlocked
ModuleNotFoundError: No module named 'consultaion_webapp.context_processors'
[2025-07-01 13:44:46,127] ERROR django.server "GET / HTTP/1.1" 500 131582
[2025-07-01 13:44:46,345] WARNING django.request Not Found: /favicon.ico
[2025-07-01 13:44:46,346] WARNING django.server "GET /favicon.ico HTTP/1.1" 404 2858
[2025-07-01 13:45:01,411] ERROR django.request Internal Server Error: /
Traceback (most recent call last):
  File "C:\Users\Ayush\AppData\Local\Programs\Python\Python313\Lib\site-packages\django\core\handlers\exception.py", line 55, in inner
    response = get_response(request)
  File "C:\Users\Ayush\AppData\Local\Programs\Python\Python313\Lib\site-packages\django\core\handlers\base.py", line 197, in _get_response
    response = wrapped_callback(request, *callback_args, **callback_kwargs)
  File "C:\Users\Ayush\OneDrive - Crystal Hues Ltd\Desktop\consultaion_webapp\consultaion_webapp\views.py", line 4, in landing_page
    return render(request, 'landingpage.html')
  File "C:\Users\Ayush\AppData\Local\Programs\Python\Python313\Lib\site-packages\django\shortcuts.py", line 25, in render
    content = loader.render_to_string(template_name, context, request, using=using)
  File "C:\Users\Ayush\AppData\Local\Programs\Python\Python313\Lib\site-packages\django\template\loader.py", line 62, in render_to_string
    return template.render(context, request)
           ~~~~~~~~~~~~~~~^^^^^^^^^^^^^^^^^^
  File "C:\Users\Ayush\AppData\Local\Programs\Python\Python313\Lib\site-packages\django\template\backends\django.py", line 61, in render
    return self.template.render(context)
           ~~~~~~~~~~~~~~~~~~~~^^^^^^^^^
  File "C:\Users\Ayush\AppData\Local\Programs\Python\Python313\Lib\site-packages\django\template\base.py", line 169, in render
    with context.bind_template(self):
         ~~~~~~~~~~~~~~~~~~~~~^^^^^^
  File "C:\Users\Ayush\AppData\Local\Programs\Python\Python313\Lib\contextlib.py", line 141, in __enter__
    return next(self.gen)
  File "C:\Users\Ayush\AppData\Local\Programs\Python\Python313\Lib\site-packages\django\template\context.py", line 251, in bind_template
    processors = template.engine.template_context_processors + self._processors
                 ^^^^^^^^^^^^^^^^^^^^^^^^^^^^^^^^^^^^^^^^^^^
  File "C:\Users\Ayush\AppData\Local\Programs\Python\Python313\Lib\site-packages\django\utils\functional.py", line 47, in __get__
    res = instance.__dict__[self.name] = self.func(instance)
                                         ~~~~~~~~~^^^^^^^^^^
  File "C:\Users\Ayush\AppData\Local\Programs\Python\Python313\Lib\site-packages\django\template\engine.py", line 118, in template_context_processors
    return tuple(import_string(path) for path in context_processors)
  File "C:\Users\Ayush\AppData\Local\Programs\Python\Python313\Lib\site-packages\django\template\engine.py", line 118, in <genexpr>
    return tuple(import_string(path) for path in context_processors)
                 ~~~~~~~~~~~~~^^^^^^
  File "C:\Users\Ayush\AppData\Local\Programs\Python\Python313\Lib\site-packages\django\utils\module_loading.py", line 30, in import_string
    return cached_import(module_path, class_name)
  File "C:\Users\Ayush\AppData\Local\Programs\Python\Python313\Lib\site-packages\django\utils\module_loading.py", line 15, in cached_import
    module = import_module(module_path)
  File "C:\Users\Ayush\AppData\Local\Programs\Python\Python313\Lib\importlib\__init__.py", line 88, in import_module
    return _bootstrap._gcd_import(name[level:], package, level)
           ~~~~~~~~~~~~~~~~~~~~~~^^^^^^^^^^^^^^^^^^^^^^^^^^^^^^
  File "<frozen importlib._bootstrap>", line 1387, in _gcd_import
  File "<frozen importlib._bootstrap>", line 1360, in _find_and_load
  File "<frozen importlib._bootstrap>", line 1324, in _find_and_load_unlocked
ModuleNotFoundError: No module named 'consultaion_webapp.context_processors'
[2025-07-01 13:45:01,413] ERROR django.server "GET / HTTP/1.1" 500 131582
[2025-07-01 13:45:01,653] WARNING django.request Not Found: /favicon.ico
[2025-07-01 13:45:01,653] WARNING django.server "GET /favicon.ico HTTP/1.1" 404 2858
[2025-07-01 13:46:23,530] ERROR django.request Internal Server Error: /
Traceback (most recent call last):
  File "C:\Users\Ayush\AppData\Local\Programs\Python\Python313\Lib\site-packages\django\core\handlers\exception.py", line 55, in inner
    response = get_response(request)
  File "C:\Users\Ayush\AppData\Local\Programs\Python\Python313\Lib\site-packages\django\core\handlers\base.py", line 197, in _get_response
    response = wrapped_callback(request, *callback_args, **callback_kwargs)
  File "C:\Users\Ayush\OneDrive - Crystal Hues Ltd\Desktop\consultaion_webapp\consultaion_webapp\views.py", line 4, in landing_page
    return render(request, 'landingpage.html')
  File "C:\Users\Ayush\AppData\Local\Programs\Python\Python313\Lib\site-packages\django\shortcuts.py", line 25, in render
    content = loader.render_to_string(template_name, context, request, using=using)
  File "C:\Users\Ayush\AppData\Local\Programs\Python\Python313\Lib\site-packages\django\template\loader.py", line 62, in render_to_string
    return template.render(context, request)
           ~~~~~~~~~~~~~~~^^^^^^^^^^^^^^^^^^
  File "C:\Users\Ayush\AppData\Local\Programs\Python\Python313\Lib\site-packages\django\template\backends\django.py", line 61, in render
    return self.template.render(context)
           ~~~~~~~~~~~~~~~~~~~~^^^^^^^^^
  File "C:\Users\Ayush\AppData\Local\Programs\Python\Python313\Lib\site-packages\django\template\base.py", line 169, in render
    with context.bind_template(self):
         ~~~~~~~~~~~~~~~~~~~~~^^^^^^
  File "C:\Users\Ayush\AppData\Local\Programs\Python\Python313\Lib\contextlib.py", line 141, in __enter__
    return next(self.gen)
  File "C:\Users\Ayush\AppData\Local\Programs\Python\Python313\Lib\site-packages\django\template\context.py", line 251, in bind_template
    processors = template.engine.template_context_processors + self._processors
                 ^^^^^^^^^^^^^^^^^^^^^^^^^^^^^^^^^^^^^^^^^^^
  File "C:\Users\Ayush\AppData\Local\Programs\Python\Python313\Lib\site-packages\django\utils\functional.py", line 47, in __get__
    res = instance.__dict__[self.name] = self.func(instance)
                                         ~~~~~~~~~^^^^^^^^^^
  File "C:\Users\Ayush\AppData\Local\Programs\Python\Python313\Lib\site-packages\django\template\engine.py", line 118, in template_context_processors
    return tuple(import_string(path) for path in context_processors)
  File "C:\Users\Ayush\AppData\Local\Programs\Python\Python313\Lib\site-packages\django\template\engine.py", line 118, in <genexpr>
    return tuple(import_string(path) for path in context_processors)
                 ~~~~~~~~~~~~~^^^^^^
  File "C:\Users\Ayush\AppData\Local\Programs\Python\Python313\Lib\site-packages\django\utils\module_loading.py", line 30, in import_string
    return cached_import(module_path, class_name)
  File "C:\Users\Ayush\AppData\Local\Programs\Python\Python313\Lib\site-packages\django\utils\module_loading.py", line 15, in cached_import
    module = import_module(module_path)
  File "C:\Users\Ayush\AppData\Local\Programs\Python\Python313\Lib\importlib\__init__.py", line 88, in import_module
    return _bootstrap._gcd_import(name[level:], package, level)
           ~~~~~~~~~~~~~~~~~~~~~~^^^^^^^^^^^^^^^^^^^^^^^^^^^^^^
  File "<frozen importlib._bootstrap>", line 1387, in _gcd_import
  File "<frozen importlib._bootstrap>", line 1360, in _find_and_load
  File "<frozen importlib._bootstrap>", line 1324, in _find_and_load_unlocked
ModuleNotFoundError: No module named 'consultaion_webapp.context_processors'
[2025-07-01 13:46:23,540] ERROR django.server "GET / HTTP/1.1" 500 131317
[2025-07-01 13:46:24,499] WARNING django.request Not Found: /favicon.ico
[2025-07-01 13:46:24,500] WARNING django.server "GET /favicon.ico HTTP/1.1" 404 2858
[2025-07-01 13:50:52,455] ERROR django.request Internal Server Error: /
Traceback (most recent call last):
  File "C:\Users\Ayush\AppData\Local\Programs\Python\Python313\Lib\site-packages\django\utils\module_loading.py", line 30, in import_string
    return cached_import(module_path, class_name)
  File "C:\Users\Ayush\AppData\Local\Programs\Python\Python313\Lib\site-packages\django\utils\module_loading.py", line 16, in cached_import
    return getattr(module, class_name)
AttributeError: module 'consultaion_webapp.context_processors' has no attribute 'media_url'

The above exception was the direct cause of the following exception:

Traceback (most recent call last):
  File "C:\Users\Ayush\AppData\Local\Programs\Python\Python313\Lib\site-packages\django\core\handlers\exception.py", line 55, in inner
    response = get_response(request)
  File "C:\Users\Ayush\AppData\Local\Programs\Python\Python313\Lib\site-packages\django\core\handlers\base.py", line 197, in _get_response
    response = wrapped_callback(request, *callback_args, **callback_kwargs)
  File "C:\Users\Ayush\OneDrive - Crystal Hues Ltd\Desktop\consultaion_webapp\consultaion_webapp\views.py", line 4, in landing_page
    return render(request, 'landingpage.html')
  File "C:\Users\Ayush\AppData\Local\Programs\Python\Python313\Lib\site-packages\django\shortcuts.py", line 25, in render
    content = loader.render_to_string(template_name, context, request, using=using)
  File "C:\Users\Ayush\AppData\Local\Programs\Python\Python313\Lib\site-packages\django\template\loader.py", line 62, in render_to_string
    return template.render(context, request)
           ~~~~~~~~~~~~~~~^^^^^^^^^^^^^^^^^^
  File "C:\Users\Ayush\AppData\Local\Programs\Python\Python313\Lib\site-packages\django\template\backends\django.py", line 61, in render
    return self.template.render(context)
           ~~~~~~~~~~~~~~~~~~~~^^^^^^^^^
  File "C:\Users\Ayush\AppData\Local\Programs\Python\Python313\Lib\site-packages\django\template\base.py", line 169, in render
    with context.bind_template(self):
         ~~~~~~~~~~~~~~~~~~~~~^^^^^^
  File "C:\Users\Ayush\AppData\Local\Programs\Python\Python313\Lib\contextlib.py", line 141, in __enter__
    return next(self.gen)
  File "C:\Users\Ayush\AppData\Local\Programs\Python\Python313\Lib\site-packages\django\template\context.py", line 251, in bind_template
    processors = template.engine.template_context_processors + self._processors
                 ^^^^^^^^^^^^^^^^^^^^^^^^^^^^^^^^^^^^^^^^^^^
  File "C:\Users\Ayush\AppData\Local\Programs\Python\Python313\Lib\site-packages\django\utils\functional.py", line 47, in __get__
    res = instance.__dict__[self.name] = self.func(instance)
                                         ~~~~~~~~~^^^^^^^^^^
  File "C:\Users\Ayush\AppData\Local\Programs\Python\Python313\Lib\site-packages\django\template\engine.py", line 118, in template_context_processors
    return tuple(import_string(path) for path in context_processors)
  File "C:\Users\Ayush\AppData\Local\Programs\Python\Python313\Lib\site-packages\django\template\engine.py", line 118, in <genexpr>
    return tuple(import_string(path) for path in context_processors)
                 ~~~~~~~~~~~~~^^^^^^
  File "C:\Users\Ayush\AppData\Local\Programs\Python\Python313\Lib\site-packages\django\utils\module_loading.py", line 32, in import_string
    raise ImportError(
    ...<2 lines>...
    ) from err
ImportError: Module "consultaion_webapp.context_processors" does not define a "media_url" attribute/class
[2025-07-01 13:50:52,458] ERROR django.server "GET / HTTP/1.1" 500 125494
[2025-07-01 13:51:24,344] INFO django.utils.autoreload C:\Users\Ayush\OneDrive - Crystal Hues Ltd\Desktop\consultaion_webapp\consultaion_webapp\context_processors.py changed, reloading.
